-- MySQL dump 10.13  Distrib 8.0.36, for macos14 (arm64)
--
-- Host: localhost    Database: energy
-- ------------------------------------------------------
-- Server version	8.0.31

/*!40101 SET @OLD_CHARACTER_SET_CLIENT=@@CHARACTER_SET_CLIENT */;
/*!40101 SET @OLD_CHARACTER_SET_RESULTS=@@CHARACTER_SET_RESULTS */;
/*!40101 SET @OLD_COLLATION_CONNECTION=@@COLLATION_CONNECTION */;
/*!50503 SET NAMES utf8 */;
/*!40103 SET @OLD_TIME_ZONE=@@TIME_ZONE */;
/*!40103 SET TIME_ZONE='+00:00' */;
/*!40014 SET @OLD_UNIQUE_CHECKS=@@UNIQUE_CHECKS, UNIQUE_CHECKS=0 */;
/*!40014 SET @OLD_FOREIGN_KEY_CHECKS=@@FOREIGN_KEY_CHECKS, FOREIGN_KEY_CHECKS=0 */;
/*!40101 SET @OLD_SQL_MODE=@@SQL_MODE, SQL_MODE='NO_AUTO_VALUE_ON_ZERO' */;
/*!40111 SET @OLD_SQL_NOTES=@@SQL_NOTES, SQL_NOTES=0 */;

--
-- Table structure for table `consumption`
--

DROP TABLE IF EXISTS `consumption`;
/*!40101 SET @saved_cs_client     = @@character_set_client */;
/*!50503 SET character_set_client = utf8mb4 */;
CREATE TABLE `consumption` (
  `consumption_id` int NOT NULL AUTO_INCREMENT,
  `user_id` int NOT NULL,
  `recorded_at` datetime NOT NULL,
  `energy_type` varchar(1000) NOT NULL,
  `energy_kW` float DEFAULT NULL,
  PRIMARY KEY (`consumption_id`),
  KEY `user_id` (`user_id`),
  CONSTRAINT `consumption_ibfk_1` FOREIGN KEY (`user_id`) REFERENCES `users` (`user_id`)
) ENGINE=InnoDB AUTO_INCREMENT=1009 DEFAULT CHARSET=utf8mb4 COLLATE=utf8mb4_0900_ai_ci;
/*!40101 SET character_set_client = @saved_cs_client */;

--
-- Dumping data for table `consumption`
--

LOCK TABLES `consumption` WRITE;
/*!40000 ALTER TABLE `consumption` DISABLE KEYS */;
INSERT INTO `consumption` VALUES (1,1,'2024-03-14 08:00:00','solar',790.64),(2,1,'2024-03-14 09:00:00','solar',199.85),(3,1,'2024-03-14 10:00:00','solar',187.48),(4,1,'2024-03-14 11:00:00','solar',1479.74),(5,1,'2024-03-14 12:00:00','solar',1803.67),(6,1,'2024-03-14 13:00:00','solar',1263.46),(7,1,'2024-03-14 14:00:00','solar',1195.75),(8,1,'2024-03-14 15:00:00','solar',1243.05),(9,1,'2024-03-14 16:00:00','solar',967.96),(10,1,'2024-03-14 17:00:00','solar',1198.04),(11,1,'2024-03-14 18:00:00','solar',1551.27),(12,1,'2024-03-14 19:00:00','solar',322.57),(13,1,'2024-03-14 20:00:00','solar',871.24),(14,1,'2024-03-14 21:00:00','solar',1403.99),(15,1,'2024-03-14 22:00:00','solar',541.27),(16,1,'2024-03-14 23:00:00','solar',1025.02),(17,1,'2024-03-15 00:00:00','solar',92.22),(18,1,'2024-03-15 01:00:00','solar',234.14),(19,1,'2024-03-15 02:00:00','solar',1583.14),(20,1,'2024-03-15 03:00:00','solar',504.21),(21,1,'2024-03-15 04:00:00','solar',1071.66),(22,1,'2024-03-15 05:00:00','solar',190.91),(23,1,'2024-03-15 06:00:00','solar',1605.09),(24,1,'2024-03-15 07:00:00','solar',1027.5),(25,1,'2024-03-15 08:00:00','solar',557),(26,1,'2024-03-15 09:00:00','solar',82.68),(27,1,'2024-03-15 10:00:00','solar',948.28),(28,1,'2024-03-15 11:00:00','solar',1522.3),(29,1,'2024-03-15 12:00:00','solar',1994.74),(30,1,'2024-03-15 13:00:00','solar',951.59),(31,1,'2024-03-15 14:00:00','solar',1671.67),(32,1,'2024-03-15 15:00:00','solar',1221.82),(33,1,'2024-03-15 16:00:00','solar',1526.64),(34,1,'2024-03-15 17:00:00','solar',917.87),(35,1,'2024-03-15 18:00:00','solar',577.89),(36,1,'2024-03-15 19:00:00','solar',1750.85),(37,1,'2024-03-15 20:00:00','solar',1144.95),(38,1,'2024-03-15 21:00:00','solar',1585.35),(39,1,'2024-03-15 22:00:00','solar',894),(40,1,'2024-03-15 23:00:00','solar',1604.74),(41,1,'2024-03-16 00:00:00','solar',864.43),(42,1,'2024-03-16 01:00:00','solar',336.2),(43,1,'2024-03-16 02:00:00','solar',96.35),(44,1,'2024-03-16 03:00:00','solar',1355.05),(45,1,'2024-03-16 04:00:00','solar',231.3),(46,1,'2024-03-16 05:00:00','solar',145.7),(47,1,'2024-03-16 06:00:00','solar',912),(48,1,'2024-03-16 07:00:00','solar',1758.15),(49,1,'2024-03-16 08:00:00','solar',1578.05),(50,1,'2024-03-16 09:00:00','solar',1438.74),(51,1,'2024-03-16 10:00:00','solar',1752.94),(52,1,'2024-03-16 11:00:00','solar',1208.9),(53,1,'2024-03-16 12:00:00','solar',337.42),(54,1,'2024-03-16 13:00:00','solar',1307.53),(55,1,'2024-03-16 14:00:00','solar',1143.53),(56,1,'2024-03-16 15:00:00','solar',1398.22),(57,1,'2024-03-16 16:00:00','solar',90.59),(58,1,'2024-03-16 17:00:00','solar',479.7),(59,1,'2024-03-16 18:00:00','solar',1084.23),(60,1,'2024-03-16 19:00:00','solar',221.58),(61,1,'2024-03-16 20:00:00','solar',1438.51),(62,1,'2024-03-16 21:00:00','solar',555.95),(63,1,'2024-03-16 22:00:00','solar',1974.77),(64,1,'2024-03-16 23:00:00','solar',782.94),(65,1,'2024-03-17 00:00:00','solar',877.23),(66,1,'2024-03-17 01:00:00','solar',1485.48),(67,1,'2024-03-17 02:00:00','solar',208.85),(68,1,'2024-03-17 03:00:00','solar',289.54),(69,1,'2024-03-17 04:00:00','solar',1999.56),(70,1,'2024-03-17 05:00:00','solar',1894.4),(71,1,'2024-03-17 06:00:00','solar',128.38),(72,1,'2024-03-17 07:00:00','solar',1955.75),(73,1,'2024-03-17 08:00:00','solar',249.02),(74,1,'2024-03-17 09:00:00','solar',190.46),(75,1,'2024-03-17 10:00:00','solar',1528.22),(76,1,'2024-03-17 11:00:00','solar',835.47),(77,1,'2024-03-17 12:00:00','solar',1335.35),(78,1,'2024-03-17 13:00:00','solar',1688.16),(79,1,'2024-03-17 14:00:00','solar',1060.96),(80,1,'2024-03-17 15:00:00','solar',925.77),(81,1,'2024-03-17 16:00:00','solar',234.76),(82,1,'2024-03-17 17:00:00','solar',511.18),(83,1,'2024-03-17 18:00:00','solar',515.37),(84,1,'2024-03-17 19:00:00','solar',461.01),(85,1,'2024-03-17 20:00:00','solar',453.77),(86,1,'2024-03-17 21:00:00','solar',1967.81),(87,1,'2024-03-17 22:00:00','solar',397.24),(88,1,'2024-03-17 23:00:00','solar',987.67),(89,1,'2024-03-18 00:00:00','solar',1348.49),(90,1,'2024-03-18 01:00:00','solar',116.01),(91,1,'2024-03-18 02:00:00','solar',1897.3),(92,1,'2024-03-18 03:00:00','solar',1415.8),(93,1,'2024-03-18 04:00:00','solar',104.3),(94,1,'2024-03-18 05:00:00','solar',1230.14),(95,1,'2024-03-18 06:00:00','solar',1882.94),(96,1,'2024-03-18 07:00:00','solar',1691.36),(97,1,'2024-03-18 08:00:00','solar',1374.19),(98,1,'2024-03-18 09:00:00','solar',434.66),(99,1,'2024-03-18 10:00:00','solar',1203.08),(100,1,'2024-03-18 11:00:00','solar',92.02),(101,1,'2024-03-18 12:00:00','solar',1978.82),(102,1,'2024-03-18 13:00:00','solar',55),(103,1,'2024-03-18 14:00:00','solar',261.78),(104,1,'2024-03-18 15:00:00','solar',1172.92),(105,1,'2024-03-18 16:00:00','solar',1820.58),(106,1,'2024-03-18 17:00:00','solar',1449.44),(107,1,'2024-03-18 18:00:00','solar',1674.75),(108,1,'2024-03-18 19:00:00','solar',1348.88),(109,1,'2024-03-18 20:00:00','solar',1923.57),(110,1,'2024-03-18 21:00:00','solar',1501.99),(111,1,'2024-03-18 22:00:00','solar',823.2),(112,1,'2024-03-18 23:00:00','solar',1626.32),(113,1,'2024-03-19 00:00:00','solar',1978.54),(114,1,'2024-03-19 01:00:00','solar',898.14),(115,1,'2024-03-19 02:00:00','solar',1055.77),(116,1,'2024-03-19 03:00:00','solar',571.46),(117,1,'2024-03-19 04:00:00','solar',1902.66),(118,1,'2024-03-19 05:00:00','solar',279.2),(119,1,'2024-03-19 06:00:00','solar',1565.9),(120,1,'2024-03-19 07:00:00','solar',1825.99),(121,1,'2024-03-19 08:00:00','solar',1440.32),(122,1,'2024-03-19 09:00:00','solar',525.47),(123,1,'2024-03-19 10:00:00','solar',760.56),(124,1,'2024-03-19 11:00:00','solar',1660.08),(125,1,'2024-03-19 12:00:00','solar',1097.38),(126,1,'2024-03-19 13:00:00','solar',434.46),(127,1,'2024-03-19 14:00:00','solar',581.5),(128,1,'2024-03-19 15:00:00','solar',362.72),(129,1,'2024-03-19 16:00:00','solar',1520.46),(130,1,'2024-03-19 17:00:00','solar',1772.32),(131,1,'2024-03-19 18:00:00','solar',1421.83),(132,1,'2024-03-19 19:00:00','solar',240.77),(133,1,'2024-03-19 20:00:00','solar',1338.46),(134,1,'2024-03-19 21:00:00','solar',1147.03),(135,1,'2024-03-19 22:00:00','solar',743.36),(136,1,'2024-03-19 23:00:00','solar',1418.02),(137,1,'2024-03-20 00:00:00','solar',839.75),(138,1,'2024-03-20 01:00:00','solar',1918.89),(139,1,'2024-03-20 02:00:00','solar',1209.48),(140,1,'2024-03-20 03:00:00','solar',1585.26),(141,1,'2024-03-20 04:00:00','solar',1903.48),(142,1,'2024-03-20 05:00:00','solar',309.03),(143,1,'2024-03-20 06:00:00','solar',654.61),(144,1,'2024-03-20 07:00:00','solar',538.39),(145,1,'2024-03-20 08:00:00','solar',1697.84),(146,1,'2024-03-20 09:00:00','solar',1965.86),(147,1,'2024-03-20 10:00:00','solar',973.68),(148,1,'2024-03-20 11:00:00','solar',1494.96),(149,1,'2024-03-20 12:00:00','solar',724.46),(150,1,'2024-03-20 13:00:00','solar',986.05),(151,1,'2024-03-20 14:00:00','solar',1007.87),(152,1,'2024-03-20 15:00:00','solar',1353.44),(153,1,'2024-03-20 16:00:00','solar',771.44),(154,1,'2024-03-20 17:00:00','solar',470.39),(155,1,'2024-03-20 18:00:00','solar',1107.54),(156,1,'2024-03-20 19:00:00','solar',517.01),(157,1,'2024-03-20 20:00:00','solar',1248.25),(158,1,'2024-03-20 21:00:00','solar',1415.38),(159,1,'2024-03-20 22:00:00','solar',318.21),(160,1,'2024-03-20 23:00:00','solar',1457.95),(161,1,'2024-03-21 00:00:00','solar',1297.29),(162,1,'2024-03-21 01:00:00','solar',1413.07),(163,1,'2024-03-21 02:00:00','solar',639.14),(164,1,'2024-03-21 03:00:00','solar',522.55),(165,1,'2024-03-21 04:00:00','solar',1970.1),(166,1,'2024-03-21 05:00:00','solar',1496.46),(167,1,'2024-03-21 06:00:00','solar',262.85),(168,1,'2024-03-21 07:00:00','solar',1469.14),(169,4,'2024-03-14 08:00:00','solar',470.34),(170,4,'2024-03-14 09:00:00','solar',538.23),(171,4,'2024-03-14 10:00:00','solar',607.97),(172,4,'2024-03-14 11:00:00','solar',459.77),(173,4,'2024-03-14 12:00:00','solar',442.76),(174,4,'2024-03-14 13:00:00','solar',920.85),(175,4,'2024-03-14 14:00:00','solar',653.67),(176,4,'2024-03-14 15:00:00','solar',361.78),(177,4,'2024-03-14 16:00:00','solar',218.26),(178,4,'2024-03-14 17:00:00','solar',940.58),(179,4,'2024-03-14 18:00:00','solar',177.65),(180,4,'2024-03-14 19:00:00','solar',600.61),(181,4,'2024-03-14 20:00:00','solar',733.39),(182,4,'2024-03-14 21:00:00','solar',573.71),(183,4,'2024-03-14 22:00:00','solar',499.87),(184,4,'2024-03-14 23:00:00','solar',394.27),(185,4,'2024-03-15 00:00:00','solar',894.86),(186,4,'2024-03-15 01:00:00','solar',747.22),(187,4,'2024-03-15 02:00:00','solar',760.5),(188,4,'2024-03-15 03:00:00','solar',975.19),(189,4,'2024-03-15 04:00:00','solar',210.5),(190,4,'2024-03-15 05:00:00','solar',583.47),(191,4,'2024-03-15 06:00:00','solar',942.24),(192,4,'2024-03-15 07:00:00','solar',235.7),(193,4,'2024-03-15 08:00:00','solar',289.2),(194,4,'2024-03-15 09:00:00','solar',157.39),(195,4,'2024-03-15 10:00:00','solar',951.09),(196,4,'2024-03-15 11:00:00','solar',409.86),(197,4,'2024-03-15 12:00:00','solar',465.93),(198,4,'2024-03-15 13:00:00','solar',888.71),(199,4,'2024-03-15 14:00:00','solar',209.62),(200,4,'2024-03-15 15:00:00','solar',967.96),(201,4,'2024-03-15 16:00:00','solar',148.72),(202,4,'2024-03-15 17:00:00','solar',803.76),(203,4,'2024-03-15 18:00:00','solar',496.97),(204,4,'2024-03-15 19:00:00','solar',838.8),(205,4,'2024-03-15 20:00:00','solar',176.42),(206,4,'2024-03-15 21:00:00','solar',351.47),(207,4,'2024-03-15 22:00:00','solar',102.12),(208,4,'2024-03-15 23:00:00','solar',177.36),(209,4,'2024-03-16 00:00:00','solar',779.9),(210,4,'2024-03-16 01:00:00','solar',950.65),(211,4,'2024-03-16 02:00:00','solar',509.74),(212,4,'2024-03-16 03:00:00','solar',869.99),(213,4,'2024-03-16 04:00:00','solar',739.82),(214,4,'2024-03-16 05:00:00','solar',464.09),(215,4,'2024-03-16 06:00:00','solar',280.96),(216,4,'2024-03-16 07:00:00','solar',459.51),(217,4,'2024-03-16 08:00:00','solar',478.13),(218,4,'2024-03-16 09:00:00','solar',880.92),(219,4,'2024-03-16 10:00:00','solar',402.56),(220,4,'2024-03-16 11:00:00','solar',501.92),(221,4,'2024-03-16 12:00:00','solar',189.21),(222,4,'2024-03-16 13:00:00','solar',917.7),(223,4,'2024-03-16 14:00:00','solar',698.67),(224,4,'2024-03-16 15:00:00','solar',911.25),(225,4,'2024-03-16 16:00:00','solar',878.18),(226,4,'2024-03-16 17:00:00','solar',544.01),(227,4,'2024-03-16 18:00:00','solar',300.33),(228,4,'2024-03-16 19:00:00','solar',482.28),(229,4,'2024-03-16 20:00:00','solar',250.52),(230,4,'2024-03-16 21:00:00','solar',756.65),(231,4,'2024-03-16 22:00:00','solar',850.22),(232,4,'2024-03-16 23:00:00','solar',282.53),(233,4,'2024-03-17 00:00:00','solar',426.55),(234,4,'2024-03-17 01:00:00','solar',238.07),(235,4,'2024-03-17 02:00:00','solar',101.08),(236,4,'2024-03-17 03:00:00','solar',703.11),(237,4,'2024-03-17 04:00:00','solar',797.33),(238,4,'2024-03-17 05:00:00','solar',113.14),(239,4,'2024-03-17 06:00:00','solar',765.51),(240,4,'2024-03-17 07:00:00','solar',573.42),(241,4,'2024-03-17 08:00:00','solar',901.2),(242,4,'2024-03-17 09:00:00','solar',835.9),(243,4,'2024-03-17 10:00:00','solar',129.84),(244,4,'2024-03-17 11:00:00','solar',180),(245,4,'2024-03-17 12:00:00','solar',732.78),(246,4,'2024-03-17 13:00:00','solar',183.87),(247,4,'2024-03-17 14:00:00','solar',826.93),(248,4,'2024-03-17 15:00:00','solar',981.65),(249,4,'2024-03-17 16:00:00','solar',848.34),(250,4,'2024-03-17 17:00:00','solar',929.59),(251,4,'2024-03-17 18:00:00','solar',265.42),(252,4,'2024-03-17 19:00:00','solar',914.89),(253,4,'2024-03-17 20:00:00','solar',169.22),(254,4,'2024-03-17 21:00:00','solar',708.69),(255,4,'2024-03-17 22:00:00','solar',905.1),(256,4,'2024-03-17 23:00:00','solar',885.83),(257,4,'2024-03-18 00:00:00','solar',484.61),(258,4,'2024-03-18 01:00:00','solar',548.87),(259,4,'2024-03-18 02:00:00','solar',950.32),(260,4,'2024-03-18 03:00:00','solar',748.42),(261,4,'2024-03-18 04:00:00','solar',734.78),(262,4,'2024-03-18 05:00:00','solar',587.29),(263,4,'2024-03-18 06:00:00','solar',606.77),(264,4,'2024-03-18 07:00:00','solar',212.39),(265,4,'2024-03-18 08:00:00','solar',166.44),(266,4,'2024-03-18 09:00:00','solar',992.71),(267,4,'2024-03-18 10:00:00','solar',450.25),(268,4,'2024-03-18 11:00:00','solar',147.47),(269,4,'2024-03-18 12:00:00','solar',133.73),(270,4,'2024-03-18 13:00:00','solar',861.42),(271,4,'2024-03-18 14:00:00','solar',183.52),(272,4,'2024-03-18 15:00:00','solar',126.6),(273,4,'2024-03-18 16:00:00','solar',692.88),(274,4,'2024-03-18 17:00:00','solar',369.12),(275,4,'2024-03-18 18:00:00','solar',832.41),(276,4,'2024-03-18 19:00:00','solar',523.33),(277,4,'2024-03-18 20:00:00','solar',993.01),(278,4,'2024-03-18 21:00:00','solar',170.75),(279,4,'2024-03-18 22:00:00','solar',915.04),(280,4,'2024-03-18 23:00:00','solar',218.28),(281,4,'2024-03-19 00:00:00','solar',566.76),(282,4,'2024-03-19 01:00:00','solar',458.22),(283,4,'2024-03-19 02:00:00','solar',402.9),(284,4,'2024-03-19 03:00:00','solar',798.64),(285,4,'2024-03-19 04:00:00','solar',947.48),(286,4,'2024-03-19 05:00:00','solar',508.8),(287,4,'2024-03-19 06:00:00','solar',234.58),(288,4,'2024-03-19 07:00:00','solar',141.85),(289,4,'2024-03-19 08:00:00','solar',964.94),(290,4,'2024-03-19 09:00:00','solar',345.4),(291,4,'2024-03-19 10:00:00','solar',562.16),(292,4,'2024-03-19 11:00:00','solar',845.94),(293,4,'2024-03-19 12:00:00','solar',310.23),(294,4,'2024-03-19 13:00:00','solar',893.84),(295,4,'2024-03-19 14:00:00','solar',554.48),(296,4,'2024-03-19 15:00:00','solar',239.92),(297,4,'2024-03-19 16:00:00','solar',956.48),(298,4,'2024-03-19 17:00:00','solar',861.15),(299,4,'2024-03-19 18:00:00','solar',357.05),(300,4,'2024-03-19 19:00:00','solar',831.45),(301,4,'2024-03-19 20:00:00','solar',203.28),(302,4,'2024-03-19 21:00:00','solar',468.93),(303,4,'2024-03-19 22:00:00','solar',116.38),(304,4,'2024-03-19 23:00:00','solar',297.58),(305,4,'2024-03-20 00:00:00','solar',332.35),(306,4,'2024-03-20 01:00:00','solar',602.01),(307,4,'2024-03-20 02:00:00','solar',794.71),(308,4,'2024-03-20 03:00:00','solar',295.92),(309,4,'2024-03-20 04:00:00','solar',873.09),(310,4,'2024-03-20 05:00:00','solar',571.48),(311,4,'2024-03-20 06:00:00','solar',634.29),(312,4,'2024-03-20 07:00:00','solar',275.54),(313,4,'2024-03-20 08:00:00','solar',657.23),(314,4,'2024-03-20 09:00:00','solar',652.28),(315,4,'2024-03-20 10:00:00','solar',705.44),(316,4,'2024-03-20 11:00:00','solar',394.9),(317,4,'2024-03-20 12:00:00','solar',502.33),(318,4,'2024-03-20 13:00:00','solar',242.15),(319,4,'2024-03-20 14:00:00','solar',657.5),(320,4,'2024-03-20 15:00:00','solar',534.53),(321,4,'2024-03-20 16:00:00','solar',850.33),(322,4,'2024-03-20 17:00:00','solar',320.25),(323,4,'2024-03-20 18:00:00','solar',584.76),(324,4,'2024-03-20 19:00:00','solar',577.05),(325,4,'2024-03-20 20:00:00','solar',595.37),(326,4,'2024-03-20 21:00:00','solar',265.03),(327,4,'2024-03-20 22:00:00','solar',695.24),(328,4,'2024-03-20 23:00:00','solar',498.12),(329,4,'2024-03-21 00:00:00','solar',947.71),(330,4,'2024-03-21 01:00:00','solar',153.18),(331,4,'2024-03-21 02:00:00','solar',710.6),(332,4,'2024-03-21 03:00:00','solar',844.89),(333,4,'2024-03-21 04:00:00','solar',728.05),(334,4,'2024-03-21 05:00:00','solar',390.6),(335,4,'2024-03-21 06:00:00','solar',182.07),(336,4,'2024-03-21 07:00:00','solar',363.72),(337,1,'2024-03-14 08:00:00','wind',638.41),(338,1,'2024-03-14 09:00:00','wind',685.93),(339,1,'2024-03-14 10:00:00','wind',256.01),(340,1,'2024-03-14 11:00:00','wind',383.64),(341,1,'2024-03-14 12:00:00','wind',694.75),(342,1,'2024-03-14 13:00:00','wind',625.59),(343,1,'2024-03-14 14:00:00','wind',679.11),(344,1,'2024-03-14 15:00:00','wind',508.34),(345,1,'2024-03-14 16:00:00','wind',678.44),(346,1,'2024-03-14 17:00:00','wind',519.08),(347,1,'2024-03-14 18:00:00','wind',235.39),(348,1,'2024-03-14 19:00:00','wind',417.6),(349,1,'2024-03-14 20:00:00','wind',246.44),(350,1,'2024-03-14 21:00:00','wind',252.86),(351,1,'2024-03-14 22:00:00','wind',583.02),(352,1,'2024-03-14 23:00:00','wind',218.51),(353,1,'2024-03-15 00:00:00','wind',477.35),(354,1,'2024-03-15 01:00:00','wind',265.82),(355,1,'2024-03-15 02:00:00','wind',599.66),(356,1,'2024-03-15 03:00:00','wind',646.67),(357,1,'2024-03-15 04:00:00','wind',177.97),(358,1,'2024-03-15 05:00:00','wind',451.81),(359,1,'2024-03-15 06:00:00','wind',130.39),(360,1,'2024-03-15 07:00:00','wind',540.74),(361,1,'2024-03-15 08:00:00','wind',227.77),(362,1,'2024-03-15 09:00:00','wind',257.61),(363,1,'2024-03-15 10:00:00','wind',315.18),(364,1,'2024-03-15 11:00:00','wind',209.96),(365,1,'2024-03-15 12:00:00','wind',327.77),(366,1,'2024-03-15 13:00:00','wind',505.74),(367,1,'2024-03-15 14:00:00','wind',213.26),(368,1,'2024-03-15 15:00:00','wind',258.13),(369,1,'2024-03-15 16:00:00','wind',136.26),(370,1,'2024-03-15 17:00:00','wind',537.14),(371,1,'2024-03-15 18:00:00','wind',470.57),(372,1,'2024-03-15 19:00:00','wind',227.99),(373,1,'2024-03-15 20:00:00','wind',416.85),(374,1,'2024-03-15 21:00:00','wind',236.19),(375,1,'2024-03-15 22:00:00','wind',185.09),(376,1,'2024-03-15 23:00:00','wind',391.15),(377,1,'2024-03-16 00:00:00','wind',386.23),(378,1,'2024-03-16 01:00:00','wind',561.3),(379,1,'2024-03-16 02:00:00','wind',189.16),(380,1,'2024-03-16 03:00:00','wind',143.53),(381,1,'2024-03-16 04:00:00','wind',562.2),(382,1,'2024-03-16 05:00:00','wind',445.36),(383,1,'2024-03-16 06:00:00','wind',514.09),(384,1,'2024-03-16 07:00:00','wind',197.64),(385,1,'2024-03-16 08:00:00','wind',366.26),(386,1,'2024-03-16 09:00:00','wind',290.31),(387,1,'2024-03-16 10:00:00','wind',668.51),(388,1,'2024-03-16 11:00:00','wind',278.05),(389,1,'2024-03-16 12:00:00','wind',689.98),(390,1,'2024-03-16 13:00:00','wind',528.58),(391,1,'2024-03-16 14:00:00','wind',249.21),(392,1,'2024-03-16 15:00:00','wind',688.04),(393,1,'2024-03-16 16:00:00','wind',225.2),(394,1,'2024-03-16 17:00:00','wind',651.15),(395,1,'2024-03-16 18:00:00','wind',565.84),(396,1,'2024-03-16 19:00:00','wind',384.78),(397,1,'2024-03-16 20:00:00','wind',241.31),(398,1,'2024-03-16 21:00:00','wind',259.71),(399,1,'2024-03-16 22:00:00','wind',221.79),(400,1,'2024-03-16 23:00:00','wind',438.35),(401,1,'2024-03-17 00:00:00','wind',617.61),(402,1,'2024-03-17 01:00:00','wind',520.68),(403,1,'2024-03-17 02:00:00','wind',207.38),(404,1,'2024-03-17 03:00:00','wind',193.82),(405,1,'2024-03-17 04:00:00','wind',152.77),(406,1,'2024-03-17 05:00:00','wind',485.09),(407,1,'2024-03-17 06:00:00','wind',478.32),(408,1,'2024-03-17 07:00:00','wind',284.18),(409,1,'2024-03-17 08:00:00','wind',536.42),(410,1,'2024-03-17 09:00:00','wind',262.96),(411,1,'2024-03-17 10:00:00','wind',596.09),(412,1,'2024-03-17 11:00:00','wind',377.57),(413,1,'2024-03-17 12:00:00','wind',218.21),(414,1,'2024-03-17 13:00:00','wind',473.56),(415,1,'2024-03-17 14:00:00','wind',439.72),(416,1,'2024-03-17 15:00:00','wind',373.38),(417,1,'2024-03-17 16:00:00','wind',528.91),(418,1,'2024-03-17 17:00:00','wind',288.96),(419,1,'2024-03-17 18:00:00','wind',339.69),(420,1,'2024-03-17 19:00:00','wind',273.53),(421,1,'2024-03-17 20:00:00','wind',242.09),(422,1,'2024-03-17 21:00:00','wind',470.17),(423,1,'2024-03-17 22:00:00','wind',424.65),(424,1,'2024-03-17 23:00:00','wind',676.85),(425,1,'2024-03-18 00:00:00','wind',379.25),(426,1,'2024-03-18 01:00:00','wind',590),(427,1,'2024-03-18 02:00:00','wind',153.6),(428,1,'2024-03-18 03:00:00','wind',105.18),(429,1,'2024-03-18 04:00:00','wind',340.87),(430,1,'2024-03-18 05:00:00','wind',358.93),(431,1,'2024-03-18 06:00:00','wind',409.91),(432,1,'2024-03-18 07:00:00','wind',553.23),(433,1,'2024-03-18 08:00:00','wind',602.92),(434,1,'2024-03-18 09:00:00','wind',689.74),(435,1,'2024-03-18 10:00:00','wind',581.44),(436,1,'2024-03-18 11:00:00','wind',326.84),(437,1,'2024-03-18 12:00:00','wind',101.5),(438,1,'2024-03-18 13:00:00','wind',172.19),(439,1,'2024-03-18 14:00:00','wind',103.35),(440,1,'2024-03-18 15:00:00','wind',462.05),(441,1,'2024-03-18 16:00:00','wind',348.62),(442,1,'2024-03-18 17:00:00','wind',377.13),(443,1,'2024-03-18 18:00:00','wind',495.41),(444,1,'2024-03-18 19:00:00','wind',441.23),(445,1,'2024-03-18 20:00:00','wind',232.57),(446,1,'2024-03-18 21:00:00','wind',132.23),(447,1,'2024-03-18 22:00:00','wind',378.91),(448,1,'2024-03-18 23:00:00','wind',525.29),(449,1,'2024-03-19 00:00:00','wind',244.5),(450,1,'2024-03-19 01:00:00','wind',387.39),(451,1,'2024-03-19 02:00:00','wind',501.11),(452,1,'2024-03-19 03:00:00','wind',562.29),(453,1,'2024-03-19 04:00:00','wind',631.48),(454,1,'2024-03-19 05:00:00','wind',333.31),(455,1,'2024-03-19 06:00:00','wind',510.49),(456,1,'2024-03-19 07:00:00','wind',420.66),(457,1,'2024-03-19 08:00:00','wind',324.34),(458,1,'2024-03-19 09:00:00','wind',682.89),(459,1,'2024-03-19 10:00:00','wind',276),(460,1,'2024-03-19 11:00:00','wind',413.31),(461,1,'2024-03-19 12:00:00','wind',549.23),(462,1,'2024-03-19 13:00:00','wind',248.16),(463,1,'2024-03-19 14:00:00','wind',176.93),(464,1,'2024-03-19 15:00:00','wind',665.59),(465,1,'2024-03-19 16:00:00','wind',318.19),(466,1,'2024-03-19 17:00:00','wind',696.18),(467,1,'2024-03-19 18:00:00','wind',430.33),(468,1,'2024-03-19 19:00:00','wind',437.18),(469,1,'2024-03-19 20:00:00','wind',142.4),(470,1,'2024-03-19 21:00:00','wind',353.09),(471,1,'2024-03-19 22:00:00','wind',662.05),(472,1,'2024-03-19 23:00:00','wind',444.4),(473,1,'2024-03-20 00:00:00','wind',209.58),(474,1,'2024-03-20 01:00:00','wind',321.01),(475,1,'2024-03-20 02:00:00','wind',585.19),(476,1,'2024-03-20 03:00:00','wind',275.3),(477,1,'2024-03-20 04:00:00','wind',598.8),(478,1,'2024-03-20 05:00:00','wind',434.43),(479,1,'2024-03-20 06:00:00','wind',494.85),(480,1,'2024-03-20 07:00:00','wind',105.02),(481,1,'2024-03-20 08:00:00','wind',579.76),(482,1,'2024-03-20 09:00:00','wind',639.47),(483,1,'2024-03-20 10:00:00','wind',516.33),(484,1,'2024-03-20 11:00:00','wind',556.25),(485,1,'2024-03-20 12:00:00','wind',351.74),(486,1,'2024-03-20 13:00:00','wind',460.47),(487,1,'2024-03-20 14:00:00','wind',510.56),(488,1,'2024-03-20 15:00:00','wind',284.77),(489,1,'2024-03-20 16:00:00','wind',517.58),(490,1,'2024-03-20 17:00:00','wind',536),(491,1,'2024-03-20 18:00:00','wind',606.08),(492,1,'2024-03-20 19:00:00','wind',236.89),(493,1,'2024-03-20 20:00:00','wind',549.76),(494,1,'2024-03-20 21:00:00','wind',149.99),(495,1,'2024-03-20 22:00:00','wind',686.41),(496,1,'2024-03-20 23:00:00','wind',343.53),(497,1,'2024-03-21 00:00:00','wind',356.89),(498,1,'2024-03-21 01:00:00','wind',288.04),(499,1,'2024-03-21 02:00:00','wind',233.38),(500,1,'2024-03-21 03:00:00','wind',578.89),(501,1,'2024-03-21 04:00:00','wind',485.95),(502,1,'2024-03-21 05:00:00','wind',328.75),(503,1,'2024-03-21 06:00:00','wind',402.55),(504,1,'2024-03-21 07:00:00','wind',545.1),(505,4,'2024-03-14 08:00:00','wind',601.57),(506,4,'2024-03-14 09:00:00','wind',448.71),(507,4,'2024-03-14 10:00:00','wind',463.13),(508,4,'2024-03-14 11:00:00','wind',483.81),(509,4,'2024-03-14 12:00:00','wind',482.87),(510,4,'2024-03-14 13:00:00','wind',485.04),(511,4,'2024-03-14 14:00:00','wind',689.36),(512,4,'2024-03-14 15:00:00','wind',601.4),(513,4,'2024-03-14 16:00:00','wind',648.04),(514,4,'2024-03-14 17:00:00','wind',616.35),(515,4,'2024-03-14 18:00:00','wind',682.76),(516,4,'2024-03-14 19:00:00','wind',646.31),(517,4,'2024-03-14 20:00:00','wind',522.65),(518,4,'2024-03-14 21:00:00','wind',429.01),(519,4,'2024-03-14 22:00:00','wind',499.65),(520,4,'2024-03-14 23:00:00','wind',475.66),(521,4,'2024-03-15 00:00:00','wind',486.28),(522,4,'2024-03-15 01:00:00','wind',645.1),(523,4,'2024-03-15 02:00:00','wind',522.01),(524,4,'2024-03-15 03:00:00','wind',576.34),(525,4,'2024-03-15 04:00:00','wind',491.47),(526,4,'2024-03-15 05:00:00','wind',644.12),(527,4,'2024-03-15 06:00:00','wind',656.91),(528,4,'2024-03-15 07:00:00','wind',551.03),(529,4,'2024-03-15 08:00:00','wind',447.87),(530,4,'2024-03-15 09:00:00','wind',464.14),(531,4,'2024-03-15 10:00:00','wind',624.88),(532,4,'2024-03-15 11:00:00','wind',501.75),(533,4,'2024-03-15 12:00:00','wind',501.93),(534,4,'2024-03-15 13:00:00','wind',571.98),(535,4,'2024-03-15 14:00:00','wind',678.18),(536,4,'2024-03-15 15:00:00','wind',456.12),(537,4,'2024-03-15 16:00:00','wind',634.09),(538,4,'2024-03-15 17:00:00','wind',450.1),(539,4,'2024-03-15 18:00:00','wind',523.55),(540,4,'2024-03-15 19:00:00','wind',444.22),(541,4,'2024-03-15 20:00:00','wind',455.21),(542,4,'2024-03-15 21:00:00','wind',421.91),(543,4,'2024-03-15 22:00:00','wind',451.51),(544,4,'2024-03-15 23:00:00','wind',419.52),(545,4,'2024-03-16 00:00:00','wind',439.14),(546,4,'2024-03-16 01:00:00','wind',463.27),(547,4,'2024-03-16 02:00:00','wind',457),(548,4,'2024-03-16 03:00:00','wind',574.49),(549,4,'2024-03-16 04:00:00','wind',543.92),(550,4,'2024-03-16 05:00:00','wind',640.19),(551,4,'2024-03-16 06:00:00','wind',525.62),(552,4,'2024-03-16 07:00:00','wind',463.47),(553,4,'2024-03-16 08:00:00','wind',698.78),(554,4,'2024-03-16 09:00:00','wind',407.84),(555,4,'2024-03-16 10:00:00','wind',678.33),(556,4,'2024-03-16 11:00:00','wind',571.49),(557,4,'2024-03-16 12:00:00','wind',439.34),(558,4,'2024-03-16 13:00:00','wind',547.69),(559,4,'2024-03-16 14:00:00','wind',550.86),(560,4,'2024-03-16 15:00:00','wind',476.64),(561,4,'2024-03-16 16:00:00','wind',646.01),(562,4,'2024-03-16 17:00:00','wind',699.08),(563,4,'2024-03-16 18:00:00','wind',694.83),(564,4,'2024-03-16 19:00:00','wind',595.37),(565,4,'2024-03-16 20:00:00','wind',559.16),(566,4,'2024-03-16 21:00:00','wind',491.44),(567,4,'2024-03-16 22:00:00','wind',447.25),(568,4,'2024-03-16 23:00:00','wind',583.39),(569,4,'2024-03-17 00:00:00','wind',547.13),(570,4,'2024-03-17 01:00:00','wind',675.64),(571,4,'2024-03-17 02:00:00','wind',412.45),(572,4,'2024-03-17 03:00:00','wind',505.74),(573,4,'2024-03-17 04:00:00','wind',586.77),(574,4,'2024-03-17 05:00:00','wind',640.36),(575,4,'2024-03-17 06:00:00','wind',456.39),(576,4,'2024-03-17 07:00:00','wind',676.5),(577,4,'2024-03-17 08:00:00','wind',416.86),(578,4,'2024-03-17 09:00:00','wind',543.47),(579,4,'2024-03-17 10:00:00','wind',412.88),(580,4,'2024-03-17 11:00:00','wind',659.68),(581,4,'2024-03-17 12:00:00','wind',570.84),(582,4,'2024-03-17 13:00:00','wind',612.13),(583,4,'2024-03-17 14:00:00','wind',594.94),(584,4,'2024-03-17 15:00:00','wind',588.25),(585,4,'2024-03-17 16:00:00','wind',637.92),(586,4,'2024-03-17 17:00:00','wind',639.91),(587,4,'2024-03-17 18:00:00','wind',531.46),(588,4,'2024-03-17 19:00:00','wind',450.59),(589,4,'2024-03-17 20:00:00','wind',416.79),(590,4,'2024-03-17 21:00:00','wind',480.16),(591,4,'2024-03-17 22:00:00','wind',597.6),(592,4,'2024-03-17 23:00:00','wind',527.32),(593,4,'2024-03-18 00:00:00','wind',583.86),(594,4,'2024-03-18 01:00:00','wind',512.2),(595,4,'2024-03-18 02:00:00','wind',401.45),(596,4,'2024-03-18 03:00:00','wind',588.19),(597,4,'2024-03-18 04:00:00','wind',553.87),(598,4,'2024-03-18 05:00:00','wind',621.36),(599,4,'2024-03-18 06:00:00','wind',549.29),(600,4,'2024-03-18 07:00:00','wind',660.21),(601,4,'2024-03-18 08:00:00','wind',651.79),(602,4,'2024-03-18 09:00:00','wind',483.76),(603,4,'2024-03-18 10:00:00','wind',563.58),(604,4,'2024-03-18 11:00:00','wind',624.59),(605,4,'2024-03-18 12:00:00','wind',457.71),(606,4,'2024-03-18 13:00:00','wind',488.43),(607,4,'2024-03-18 14:00:00','wind',654.19),(608,4,'2024-03-18 15:00:00','wind',529.62),(609,4,'2024-03-18 16:00:00','wind',671.15),(610,4,'2024-03-18 17:00:00','wind',417.2),(611,4,'2024-03-18 18:00:00','wind',407.04),(612,4,'2024-03-18 19:00:00','wind',430.37),(613,4,'2024-03-18 20:00:00','wind',456.53),(614,4,'2024-03-18 21:00:00','wind',660.49),(615,4,'2024-03-18 22:00:00','wind',692.62),(616,4,'2024-03-18 23:00:00','wind',425.73),(617,4,'2024-03-19 00:00:00','wind',593.45),(618,4,'2024-03-19 01:00:00','wind',540.1),(619,4,'2024-03-19 02:00:00','wind',560.73),(620,4,'2024-03-19 03:00:00','wind',605.95),(621,4,'2024-03-19 04:00:00','wind',425.15),(622,4,'2024-03-19 05:00:00','wind',548.3),(623,4,'2024-03-19 06:00:00','wind',501.25),(624,4,'2024-03-19 07:00:00','wind',613.69),(625,4,'2024-03-19 08:00:00','wind',405.06),(626,4,'2024-03-19 09:00:00','wind',607.16),(627,4,'2024-03-19 10:00:00','wind',467.86),(628,4,'2024-03-19 11:00:00','wind',515.59),(629,4,'2024-03-19 12:00:00','wind',656.95),(630,4,'2024-03-19 13:00:00','wind',454.36),(631,4,'2024-03-19 14:00:00','wind',577.41),(632,4,'2024-03-19 15:00:00','wind',637.53),(633,4,'2024-03-19 16:00:00','wind',601.94),(634,4,'2024-03-19 17:00:00','wind',650.56),(635,4,'2024-03-19 18:00:00','wind',644.41),(636,4,'2024-03-19 19:00:00','wind',524.66),(637,4,'2024-03-19 20:00:00','wind',693.11),(638,4,'2024-03-19 21:00:00','wind',687.6),(639,4,'2024-03-19 22:00:00','wind',563.17),(640,4,'2024-03-19 23:00:00','wind',675.96),(641,4,'2024-03-20 00:00:00','wind',532.02),(642,4,'2024-03-20 01:00:00','wind',481.86),(643,4,'2024-03-20 02:00:00','wind',520.74),(644,4,'2024-03-20 03:00:00','wind',556.67),(645,4,'2024-03-20 04:00:00','wind',435.39),(646,4,'2024-03-20 05:00:00','wind',460.14),(647,4,'2024-03-20 06:00:00','wind',499.16),(648,4,'2024-03-20 07:00:00','wind',638.44),(649,4,'2024-03-20 08:00:00','wind',493.57),(650,4,'2024-03-20 09:00:00','wind',541.98),(651,4,'2024-03-20 10:00:00','wind',534.31),(652,4,'2024-03-20 11:00:00','wind',457.37),(653,4,'2024-03-20 12:00:00','wind',668.76),(654,4,'2024-03-20 13:00:00','wind',661.94),(655,4,'2024-03-20 14:00:00','wind',653.23),(656,4,'2024-03-20 15:00:00','wind',560.15),(657,4,'2024-03-20 16:00:00','wind',434.26),(658,4,'2024-03-20 17:00:00','wind',680.27),(659,4,'2024-03-20 18:00:00','wind',414.34),(660,4,'2024-03-20 19:00:00','wind',560.59),(661,4,'2024-03-20 20:00:00','wind',415.03),(662,4,'2024-03-20 21:00:00','wind',437.91),(663,4,'2024-03-20 22:00:00','wind',484.06),(664,4,'2024-03-20 23:00:00','wind',516.36),(665,4,'2024-03-21 00:00:00','wind',572.92),(666,4,'2024-03-21 01:00:00','wind',652.97),(667,4,'2024-03-21 02:00:00','wind',495.44),(668,4,'2024-03-21 03:00:00','wind',467.15),(669,4,'2024-03-21 04:00:00','wind',691.76),(670,4,'2024-03-21 05:00:00','wind',493.26),(671,4,'2024-03-21 06:00:00','wind',607.63),(672,4,'2024-03-21 07:00:00','wind',402.86),(673,1,'2024-03-14 08:00:00','hydro',568.48),(674,1,'2024-03-14 09:00:00','hydro',666.53),(675,1,'2024-03-14 10:00:00','hydro',836.14),(676,1,'2024-03-14 11:00:00','hydro',751.76),(677,1,'2024-03-14 12:00:00','hydro',754.91),(678,1,'2024-03-14 13:00:00','hydro',788.15),(679,1,'2024-03-14 14:00:00','hydro',717.44),(680,1,'2024-03-14 15:00:00','hydro',807.56),(681,1,'2024-03-14 16:00:00','hydro',614.52),(682,1,'2024-03-14 17:00:00','hydro',798.9),(683,1,'2024-03-14 18:00:00','hydro',742.91),(684,1,'2024-03-14 19:00:00','hydro',639.96),(685,1,'2024-03-14 20:00:00','hydro',502.42),(686,1,'2024-03-14 21:00:00','hydro',581.58),(687,1,'2024-03-14 22:00:00','hydro',754.54),(688,1,'2024-03-14 23:00:00','hydro',687.57),(689,1,'2024-03-15 00:00:00','hydro',891.02),(690,1,'2024-03-15 01:00:00','hydro',712.03),(691,1,'2024-03-15 02:00:00','hydro',817.41),(692,1,'2024-03-15 03:00:00','hydro',868.05),(693,1,'2024-03-15 04:00:00','hydro',821.54),(694,1,'2024-03-15 05:00:00','hydro',893.85),(695,1,'2024-03-15 06:00:00','hydro',728),(696,1,'2024-03-15 07:00:00','hydro',530.07),(697,1,'2024-03-15 08:00:00','hydro',681.4),(698,1,'2024-03-15 09:00:00','hydro',533.6),(699,1,'2024-03-15 10:00:00','hydro',678.59),(700,1,'2024-03-15 11:00:00','hydro',734.36),(701,1,'2024-03-15 12:00:00','hydro',825.92),(702,1,'2024-03-15 13:00:00','hydro',829.71),(703,1,'2024-03-15 14:00:00','hydro',745.62),(704,1,'2024-03-15 15:00:00','hydro',561.5),(705,1,'2024-03-15 16:00:00','hydro',591.63),(706,1,'2024-03-15 17:00:00','hydro',882.88),(707,1,'2024-03-15 18:00:00','hydro',705.36),(708,1,'2024-03-15 19:00:00','hydro',795.1),(709,1,'2024-03-15 20:00:00','hydro',851.88),(710,1,'2024-03-15 21:00:00','hydro',734.36),(711,1,'2024-03-15 22:00:00','hydro',551.29),(712,1,'2024-03-15 23:00:00','hydro',639.01),(713,1,'2024-03-16 00:00:00','hydro',567.39),(714,1,'2024-03-16 01:00:00','hydro',503.3),(715,1,'2024-03-16 02:00:00','hydro',655.33),(716,1,'2024-03-16 03:00:00','hydro',899.86),(717,1,'2024-03-16 04:00:00','hydro',767.97),(718,1,'2024-03-16 05:00:00','hydro',597.31),(719,1,'2024-03-16 06:00:00','hydro',781.68),(720,1,'2024-03-16 07:00:00','hydro',836.39),(721,1,'2024-03-16 08:00:00','hydro',784.88),(722,1,'2024-03-16 09:00:00','hydro',634.71),(723,1,'2024-03-16 10:00:00','hydro',582.19),(724,1,'2024-03-16 11:00:00','hydro',628.07),(725,1,'2024-03-16 12:00:00','hydro',589.88),(726,1,'2024-03-16 13:00:00','hydro',682.99),(727,1,'2024-03-16 14:00:00','hydro',836.18),(728,1,'2024-03-16 15:00:00','hydro',860.62),(729,1,'2024-03-16 16:00:00','hydro',557.88),(730,1,'2024-03-16 17:00:00','hydro',820.88),(731,1,'2024-03-16 18:00:00','hydro',738.77),(732,1,'2024-03-16 19:00:00','hydro',739.73),(733,1,'2024-03-16 20:00:00','hydro',576.07),(734,1,'2024-03-16 21:00:00','hydro',825.4),(735,1,'2024-03-16 22:00:00','hydro',605.58),(736,1,'2024-03-16 23:00:00','hydro',537.98),(737,1,'2024-03-17 00:00:00','hydro',665.83),(738,1,'2024-03-17 01:00:00','hydro',583.44),(739,1,'2024-03-17 02:00:00','hydro',777.17),(740,1,'2024-03-17 03:00:00','hydro',651.31),(741,1,'2024-03-17 04:00:00','hydro',694.91),(742,1,'2024-03-17 05:00:00','hydro',871.59),(743,1,'2024-03-17 06:00:00','hydro',688.17),(744,1,'2024-03-17 07:00:00','hydro',829.71),(745,1,'2024-03-17 08:00:00','hydro',863.18),(746,1,'2024-03-17 09:00:00','hydro',726.75),(747,1,'2024-03-17 10:00:00','hydro',615.53),(748,1,'2024-03-17 11:00:00','hydro',520.02),(749,1,'2024-03-17 12:00:00','hydro',561.75),(750,1,'2024-03-17 13:00:00','hydro',682.8),(751,1,'2024-03-17 14:00:00','hydro',644.77),(752,1,'2024-03-17 15:00:00','hydro',580.23),(753,1,'2024-03-17 16:00:00','hydro',632.56),(754,1,'2024-03-17 17:00:00','hydro',654.59),(755,1,'2024-03-17 18:00:00','hydro',834.91),(756,1,'2024-03-17 19:00:00','hydro',652.15),(757,1,'2024-03-17 20:00:00','hydro',896.76),(758,1,'2024-03-17 21:00:00','hydro',569.82),(759,1,'2024-03-17 22:00:00','hydro',718.2),(760,1,'2024-03-17 23:00:00','hydro',738.49),(761,1,'2024-03-18 00:00:00','hydro',692.96),(762,1,'2024-03-18 01:00:00','hydro',748.28),(763,1,'2024-03-18 02:00:00','hydro',833.7),(764,1,'2024-03-18 03:00:00','hydro',716.34),(765,1,'2024-03-18 04:00:00','hydro',840.55),(766,1,'2024-03-18 05:00:00','hydro',792.83),(767,1,'2024-03-18 06:00:00','hydro',544.48),(768,1,'2024-03-18 07:00:00','hydro',605.62),(769,1,'2024-03-18 08:00:00','hydro',610.21),(770,1,'2024-03-18 09:00:00','hydro',814.75),(771,1,'2024-03-18 10:00:00','hydro',571.45),(772,1,'2024-03-18 11:00:00','hydro',745.72),(773,1,'2024-03-18 12:00:00','hydro',887.12),(774,1,'2024-03-18 13:00:00','hydro',550.82),(775,1,'2024-03-18 14:00:00','hydro',802.41),(776,1,'2024-03-18 15:00:00','hydro',616.12),(777,1,'2024-03-18 16:00:00','hydro',514.43),(778,1,'2024-03-18 17:00:00','hydro',729.82),(779,1,'2024-03-18 18:00:00','hydro',759.5),(780,1,'2024-03-18 19:00:00','hydro',604.19),(781,1,'2024-03-18 20:00:00','hydro',737.65),(782,1,'2024-03-18 21:00:00','hydro',630.08),(783,1,'2024-03-18 22:00:00','hydro',515.79),(784,1,'2024-03-18 23:00:00','hydro',888.46),(785,1,'2024-03-19 00:00:00','hydro',676.66),(786,1,'2024-03-19 01:00:00','hydro',534.98),(787,1,'2024-03-19 02:00:00','hydro',772.22),(788,1,'2024-03-19 03:00:00','hydro',542.62),(789,1,'2024-03-19 04:00:00','hydro',614.64),(790,1,'2024-03-19 05:00:00','hydro',855.48),(791,1,'2024-03-19 06:00:00','hydro',742.42),(792,1,'2024-03-19 07:00:00','hydro',657),(793,1,'2024-03-19 08:00:00','hydro',795.33),(794,1,'2024-03-19 09:00:00','hydro',584.23),(795,1,'2024-03-19 10:00:00','hydro',610.97),(796,1,'2024-03-19 11:00:00','hydro',753.29),(797,1,'2024-03-19 12:00:00','hydro',699.04),(798,1,'2024-03-19 13:00:00','hydro',679.6),(799,1,'2024-03-19 14:00:00','hydro',756.52),(800,1,'2024-03-19 15:00:00','hydro',556.1),(801,1,'2024-03-19 16:00:00','hydro',666.2),(802,1,'2024-03-19 17:00:00','hydro',537.68),(803,1,'2024-03-19 18:00:00','hydro',590.99),(804,1,'2024-03-19 19:00:00','hydro',667.44),(805,1,'2024-03-19 20:00:00','hydro',782.27),(806,1,'2024-03-19 21:00:00','hydro',659.85),(807,1,'2024-03-19 22:00:00','hydro',710.69),(808,1,'2024-03-19 23:00:00','hydro',776.8),(809,1,'2024-03-20 00:00:00','hydro',652.27),(810,1,'2024-03-20 01:00:00','hydro',500.31),(811,1,'2024-03-20 02:00:00','hydro',864.22),(812,1,'2024-03-20 03:00:00','hydro',883.82),(813,1,'2024-03-20 04:00:00','hydro',620.22),(814,1,'2024-03-20 05:00:00','hydro',807.15),(815,1,'2024-03-20 06:00:00','hydro',647.59),(816,1,'2024-03-20 07:00:00','hydro',579.68),(817,1,'2024-03-20 08:00:00','hydro',811.94),(818,1,'2024-03-20 09:00:00','hydro',585.94),(819,1,'2024-03-20 10:00:00','hydro',893.85),(820,1,'2024-03-20 11:00:00','hydro',867.85),(821,1,'2024-03-20 12:00:00','hydro',754.91),(822,1,'2024-03-20 13:00:00','hydro',584.93),(823,1,'2024-03-20 14:00:00','hydro',513.99),(824,1,'2024-03-20 15:00:00','hydro',779.25),(825,1,'2024-03-20 16:00:00','hydro',687.74),(826,1,'2024-03-20 17:00:00','hydro',600.66),(827,1,'2024-03-20 18:00:00','hydro',511.29),(828,1,'2024-03-20 19:00:00','hydro',576.29),(829,1,'2024-03-20 20:00:00','hydro',615.03),(830,1,'2024-03-20 21:00:00','hydro',808.06),(831,1,'2024-03-20 22:00:00','hydro',755.46),(832,1,'2024-03-20 23:00:00','hydro',568.6),(833,1,'2024-03-21 00:00:00','hydro',845.66),(834,1,'2024-03-21 01:00:00','hydro',582.07),(835,1,'2024-03-21 02:00:00','hydro',884.43),(836,1,'2024-03-21 03:00:00','hydro',884.23),(837,1,'2024-03-21 04:00:00','hydro',884.4),(838,1,'2024-03-21 05:00:00','hydro',660.22),(839,1,'2024-03-21 06:00:00','hydro',667.91),(840,1,'2024-03-21 07:00:00','hydro',664.24),(841,4,'2024-03-14 08:00:00','hydro',3599.3),(842,4,'2024-03-14 09:00:00','hydro',3393.27),(843,4,'2024-03-14 10:00:00','hydro',1242.06),(844,4,'2024-03-14 11:00:00','hydro',1634.21),(845,4,'2024-03-14 12:00:00','hydro',3577.73),(846,4,'2024-03-14 13:00:00','hydro',2386.24),(847,4,'2024-03-14 14:00:00','hydro',1272.21),(848,4,'2024-03-14 15:00:00','hydro',1216.74),(849,4,'2024-03-14 16:00:00','hydro',2967.65),(850,4,'2024-03-14 17:00:00','hydro',1803.58),(851,4,'2024-03-14 18:00:00','hydro',3356.04),(852,4,'2024-03-14 19:00:00','hydro',1818.15),(853,4,'2024-03-14 20:00:00','hydro',1917.85),(854,4,'2024-03-14 21:00:00','hydro',3704.85),(855,4,'2024-03-14 22:00:00','hydro',3546.69),(856,4,'2024-03-14 23:00:00','hydro',1317.05),(857,4,'2024-03-15 00:00:00','hydro',3539.36),(858,4,'2024-03-15 01:00:00','hydro',1667.44),(859,4,'2024-03-15 02:00:00','hydro',1886.44),(860,4,'2024-03-15 03:00:00','hydro',3792.27),(861,4,'2024-03-15 04:00:00','hydro',1571.76),(862,4,'2024-03-15 05:00:00','hydro',2815.72),(863,4,'2024-03-15 06:00:00','hydro',2536.82),(864,4,'2024-03-15 07:00:00','hydro',1719.11),(865,4,'2024-03-15 08:00:00','hydro',1802.04),(866,4,'2024-03-15 09:00:00','hydro',3633.9),(867,4,'2024-03-15 10:00:00','hydro',2334.53),(868,4,'2024-03-15 11:00:00','hydro',3547.5),(869,4,'2024-03-15 12:00:00','hydro',2121.39),(870,4,'2024-03-15 13:00:00','hydro',1307.99),(871,4,'2024-03-15 14:00:00','hydro',3017.11),(872,4,'2024-03-15 15:00:00','hydro',1575.13),(873,4,'2024-03-15 16:00:00','hydro',2543),(874,4,'2024-03-15 17:00:00','hydro',3093.01),(875,4,'2024-03-15 18:00:00','hydro',2435.03),(876,4,'2024-03-15 19:00:00','hydro',3862.73),(877,4,'2024-03-15 20:00:00','hydro',2392.55),(878,4,'2024-03-15 21:00:00','hydro',3427.43),(879,4,'2024-03-15 22:00:00','hydro',2705.15),(880,4,'2024-03-15 23:00:00','hydro',2929.22),(881,4,'2024-03-16 00:00:00','hydro',2602.65),(882,4,'2024-03-16 01:00:00','hydro',3357.54),(883,4,'2024-03-16 02:00:00','hydro',2342.6),(884,4,'2024-03-16 03:00:00','hydro',3104.82),(885,4,'2024-03-16 04:00:00','hydro',3288.91),(886,4,'2024-03-16 05:00:00','hydro',1991.1),(887,4,'2024-03-16 06:00:00','hydro',3776.7),(888,4,'2024-03-16 07:00:00','hydro',1954.09),(889,4,'2024-03-16 08:00:00','hydro',1963.34),(890,4,'2024-03-16 09:00:00','hydro',2193.22),(891,4,'2024-03-16 10:00:00','hydro',3086.95),(892,4,'2024-03-16 11:00:00','hydro',3150.58),(893,4,'2024-03-16 12:00:00','hydro',3215.91),(894,4,'2024-03-16 13:00:00','hydro',3073.68),(895,4,'2024-03-16 14:00:00','hydro',3469.46),(896,4,'2024-03-16 15:00:00','hydro',3949.56),(897,4,'2024-03-16 16:00:00','hydro',3583.93),(898,4,'2024-03-16 17:00:00','hydro',1387.94),(899,4,'2024-03-16 18:00:00','hydro',2854.2),(900,4,'2024-03-16 19:00:00','hydro',3616.4),(901,4,'2024-03-16 20:00:00','hydro',1741.07),(902,4,'2024-03-16 21:00:00','hydro',2514.63),(903,4,'2024-03-16 22:00:00','hydro',3375.81),(904,4,'2024-03-16 23:00:00','hydro',3067.92),(905,4,'2024-03-17 00:00:00','hydro',1434.95),(906,4,'2024-03-17 01:00:00','hydro',3647.45),(907,4,'2024-03-17 02:00:00','hydro',1410.78),(908,4,'2024-03-17 03:00:00','hydro',2088.47),(909,4,'2024-03-17 04:00:00','hydro',3332.97),(910,4,'2024-03-17 05:00:00','hydro',2809.11),(911,4,'2024-03-17 06:00:00','hydro',2049.73),(912,4,'2024-03-17 07:00:00','hydro',3105.64),(913,4,'2024-03-17 08:00:00','hydro',1242.54),(914,4,'2024-03-17 09:00:00','hydro',2771.63),(915,4,'2024-03-17 10:00:00','hydro',3699.24),(916,4,'2024-03-17 11:00:00','hydro',1377.13),(917,4,'2024-03-17 12:00:00','hydro',1712.73),(918,4,'2024-03-17 13:00:00','hydro',3381.45),(919,4,'2024-03-17 14:00:00','hydro',2337.61),(920,4,'2024-03-17 15:00:00','hydro',2413.54),(921,4,'2024-03-17 16:00:00','hydro',1926.57),(922,4,'2024-03-17 17:00:00','hydro',3570.48),(923,4,'2024-03-17 18:00:00','hydro',1968),(924,4,'2024-03-17 19:00:00','hydro',2565.12),(925,4,'2024-03-17 20:00:00','hydro',2875.22),(926,4,'2024-03-17 21:00:00','hydro',2084.6),(927,4,'2024-03-17 22:00:00','hydro',1733.98),(928,4,'2024-03-17 23:00:00','hydro',2759.63),(929,4,'2024-03-18 00:00:00','hydro',2861.95),(930,4,'2024-03-18 01:00:00','hydro',2817.5),(931,4,'2024-03-18 02:00:00','hydro',3780.47),(932,4,'2024-03-18 03:00:00','hydro',1809.15),(933,4,'2024-03-18 04:00:00','hydro',1598.58),(934,4,'2024-03-18 05:00:00','hydro',2067.8),(935,4,'2024-03-18 06:00:00','hydro',1379.26),(936,4,'2024-03-18 07:00:00','hydro',2757.71),(937,4,'2024-03-18 08:00:00','hydro',3950.84),(938,4,'2024-03-18 09:00:00','hydro',2768.65),(939,4,'2024-03-18 10:00:00','hydro',3444.48),(940,4,'2024-03-18 11:00:00','hydro',1425.98),(941,4,'2024-03-18 12:00:00','hydro',3605.23),(942,4,'2024-03-18 13:00:00','hydro',2833.2),(943,4,'2024-03-18 14:00:00','hydro',1530.58),(944,4,'2024-03-18 15:00:00','hydro',3436.3),(945,4,'2024-03-18 16:00:00','hydro',3022.9),(946,4,'2024-03-18 17:00:00','hydro',2658.25),(947,4,'2024-03-18 18:00:00','hydro',2102.68),(948,4,'2024-03-18 19:00:00','hydro',3108.59),(949,4,'2024-03-18 20:00:00','hydro',3852.87),(950,4,'2024-03-18 21:00:00','hydro',2610.5),(951,4,'2024-03-18 22:00:00','hydro',2354.42),(952,4,'2024-03-18 23:00:00','hydro',2431.1),(953,4,'2024-03-19 00:00:00','hydro',1525.34),(954,4,'2024-03-19 01:00:00','hydro',2429.95),(955,4,'2024-03-19 02:00:00','hydro',3170.58),(956,4,'2024-03-19 03:00:00','hydro',3697.67),(957,4,'2024-03-19 04:00:00','hydro',2537.95),(958,4,'2024-03-19 05:00:00','hydro',2490.31),(959,4,'2024-03-19 06:00:00','hydro',3748.46),(960,4,'2024-03-19 07:00:00','hydro',2368.32),(961,4,'2024-03-19 08:00:00','hydro',3508.15),(962,4,'2024-03-19 09:00:00','hydro',2507.42),(963,4,'2024-03-19 10:00:00','hydro',1200.39),(964,4,'2024-03-19 11:00:00','hydro',2992.11),(965,4,'2024-03-19 12:00:00','hydro',1602.57),(966,4,'2024-03-19 13:00:00','hydro',1840.8),(967,4,'2024-03-19 14:00:00','hydro',3589.89),(968,4,'2024-03-19 15:00:00','hydro',3907.21),(969,4,'2024-03-19 16:00:00','hydro',2919.84),(970,4,'2024-03-19 17:00:00','hydro',3042.13),(971,4,'2024-03-19 18:00:00','hydro',2306.8),(972,4,'2024-03-19 19:00:00','hydro',2399.88),(973,4,'2024-03-19 20:00:00','hydro',3778.44),(974,4,'2024-03-19 21:00:00','hydro',3126.19),(975,4,'2024-03-19 22:00:00','hydro',3771.29),(976,4,'2024-03-19 23:00:00','hydro',3540.19),(977,4,'2024-03-20 00:00:00','hydro',3705.21),(978,4,'2024-03-20 01:00:00','hydro',3893.99),(979,4,'2024-03-20 02:00:00','hydro',3121.22),(980,4,'2024-03-20 03:00:00','hydro',3744.11),(981,4,'2024-03-20 04:00:00','hydro',2524.08),(982,4,'2024-03-20 05:00:00','hydro',2580.86),(983,4,'2024-03-20 06:00:00','hydro',3543.83),(984,4,'2024-03-20 07:00:00','hydro',3742.46),(985,4,'2024-03-20 08:00:00','hydro',3733.59),(986,4,'2024-03-20 09:00:00','hydro',3669.81),(987,4,'2024-03-20 10:00:00','hydro',2370.74),(988,4,'2024-03-20 11:00:00','hydro',1310.88),(989,4,'2024-03-20 12:00:00','hydro',1961.02),(990,4,'2024-03-20 13:00:00','hydro',2870.36),(991,4,'2024-03-20 14:00:00','hydro',3634.66),(992,4,'2024-03-20 15:00:00','hydro',2864.47),(993,4,'2024-03-20 16:00:00','hydro',1907.36),(994,4,'2024-03-20 17:00:00','hydro',2602.21),(995,4,'2024-03-20 18:00:00','hydro',1797.99),(996,4,'2024-03-20 19:00:00','hydro',3261.17),(997,4,'2024-03-20 20:00:00','hydro',2743.35),(998,4,'2024-03-20 21:00:00','hydro',1958.77),(999,4,'2024-03-20 22:00:00','hydro',2883.69),(1000,4,'2024-03-20 23:00:00','hydro',3621.46),(1001,4,'2024-03-21 00:00:00','hydro',3123.53),(1002,4,'2024-03-21 01:00:00','hydro',1253.73),(1003,4,'2024-03-21 02:00:00','hydro',2491.51),(1004,4,'2024-03-21 03:00:00','hydro',1609.98),(1005,4,'2024-03-21 04:00:00','hydro',3789.34),(1006,4,'2024-03-21 05:00:00','hydro',1231.63),(1007,4,'2024-03-21 06:00:00','hydro',3318.35),(1008,4,'2024-03-21 07:00:00','hydro',1477.38);
/*!40000 ALTER TABLE `consumption` ENABLE KEYS */;
UNLOCK TABLES;

--
-- Table structure for table `production`
--

DROP TABLE IF EXISTS `production`;
/*!40101 SET @saved_cs_client     = @@character_set_client */;
/*!50503 SET character_set_client = utf8mb4 */;
CREATE TABLE `production` (
  `production_id` int NOT NULL AUTO_INCREMENT,
  `user_id` int NOT NULL,
  `recorded_at` datetime NOT NULL,
  `energy_type` varchar(1000) NOT NULL,
  `energy_kW` float DEFAULT NULL,
  PRIMARY KEY (`production_id`),
  KEY `user_id` (`user_id`),
  CONSTRAINT `production_ibfk_1` FOREIGN KEY (`user_id`) REFERENCES `users` (`user_id`)
) ENGINE=InnoDB AUTO_INCREMENT=1010 DEFAULT CHARSET=utf8mb4 COLLATE=utf8mb4_0900_ai_ci;
/*!40101 SET character_set_client = @saved_cs_client */;

--
-- Dumping data for table `production`
--

LOCK TABLES `production` WRITE;
/*!40000 ALTER TABLE `production` DISABLE KEYS */;
INSERT INTO `production` VALUES (1,1,'2024-03-14 08:00:00','solar',1952.18),(2,1,'2024-03-14 09:00:00','solar',2602.9),(3,1,'2024-03-14 10:00:00','solar',3253.63),(4,1,'2024-03-14 11:00:00','solar',3904.35),(5,1,'2024-03-14 12:00:00','solar',4555.08),(6,1,'2024-03-14 13:00:00','solar',5205.81),(7,1,'2024-03-14 14:00:00','solar',5856.53),(8,1,'2024-03-14 15:00:00','solar',4685.23),(9,1,'2024-03-14 16:00:00','solar',3513.92),(10,1,'2024-03-14 17:00:00','solar',2342.61),(11,1,'2024-03-14 18:00:00','solar',1171.31),(12,1,'2024-03-14 19:00:00','solar',0),(13,1,'2024-03-14 20:00:00','solar',0),(14,1,'2024-03-14 21:00:00','solar',0),(15,1,'2024-03-14 22:00:00','solar',0),(16,1,'2024-03-14 23:00:00','solar',0),(17,1,'2024-03-15 00:00:00','solar',0),(18,1,'2024-03-15 01:00:00','solar',0),(19,1,'2024-03-15 02:00:00','solar',0),(20,1,'2024-03-15 03:00:00','solar',0),(21,1,'2024-03-15 04:00:00','solar',0),(22,1,'2024-03-15 05:00:00','solar',0),(23,1,'2024-03-15 06:00:00','solar',650.73),(24,1,'2024-03-15 07:00:00','solar',1301.45),(25,1,'2024-03-15 08:00:00','solar',2205.2),(26,1,'2024-03-15 09:00:00','solar',2940.26),(27,1,'2024-03-15 10:00:00','solar',3675.33),(28,1,'2024-03-15 11:00:00','solar',4410.4),(29,1,'2024-03-15 12:00:00','solar',5145.46),(30,1,'2024-03-15 13:00:00','solar',5880.53),(31,1,'2024-03-15 14:00:00','solar',6615.59),(32,1,'2024-03-15 15:00:00','solar',5292.47),(33,1,'2024-03-15 16:00:00','solar',3969.36),(34,1,'2024-03-15 17:00:00','solar',2646.24),(35,1,'2024-03-15 18:00:00','solar',1323.12),(36,1,'2024-03-15 19:00:00','solar',0),(37,1,'2024-03-15 20:00:00','solar',0),(38,1,'2024-03-15 21:00:00','solar',0),(39,1,'2024-03-15 22:00:00','solar',0),(40,1,'2024-03-15 23:00:00','solar',0),(41,1,'2024-03-16 00:00:00','solar',0),(42,1,'2024-03-16 01:00:00','solar',0),(43,1,'2024-03-16 02:00:00','solar',0),(44,1,'2024-03-16 03:00:00','solar',0),(45,1,'2024-03-16 04:00:00','solar',0),(46,1,'2024-03-16 05:00:00','solar',0),(47,1,'2024-03-16 06:00:00','solar',735.07),(48,1,'2024-03-16 07:00:00','solar',1470.13),(49,1,'2024-03-16 08:00:00','solar',1802.47),(50,1,'2024-03-16 09:00:00','solar',2403.29),(51,1,'2024-03-16 10:00:00','solar',3004.11),(52,1,'2024-03-16 11:00:00','solar',3604.94),(53,1,'2024-03-16 12:00:00','solar',4205.76),(54,1,'2024-03-16 13:00:00','solar',4806.58),(55,1,'2024-03-16 14:00:00','solar',5407.4),(56,1,'2024-03-16 15:00:00','solar',4325.92),(57,1,'2024-03-16 16:00:00','solar',3244.44),(58,1,'2024-03-16 17:00:00','solar',2162.96),(59,1,'2024-03-16 18:00:00','solar',1081.48),(60,1,'2024-03-16 19:00:00','solar',0),(61,1,'2024-03-16 20:00:00','solar',0),(62,1,'2024-03-16 21:00:00','solar',0),(63,1,'2024-03-16 22:00:00','solar',0),(64,1,'2024-03-16 23:00:00','solar',0),(65,1,'2024-03-17 00:00:00','solar',0),(66,1,'2024-03-17 01:00:00','solar',0),(67,1,'2024-03-17 02:00:00','solar',0),(68,1,'2024-03-17 03:00:00','solar',0),(69,1,'2024-03-17 04:00:00','solar',0),(70,1,'2024-03-17 05:00:00','solar',0),(71,1,'2024-03-17 06:00:00','solar',600.82),(72,1,'2024-03-17 07:00:00','solar',1201.65),(73,1,'2024-03-17 08:00:00','solar',1955.38),(74,1,'2024-03-17 09:00:00','solar',2607.17),(75,1,'2024-03-17 10:00:00','solar',3258.96),(76,1,'2024-03-17 11:00:00','solar',3910.75),(77,1,'2024-03-17 12:00:00','solar',4562.55),(78,1,'2024-03-17 13:00:00','solar',5214.34),(79,1,'2024-03-17 14:00:00','solar',5866.13),(80,1,'2024-03-17 15:00:00','solar',4692.9),(81,1,'2024-03-17 16:00:00','solar',3519.68),(82,1,'2024-03-17 17:00:00','solar',2346.45),(83,1,'2024-03-17 18:00:00','solar',1173.23),(84,1,'2024-03-17 19:00:00','solar',0),(85,1,'2024-03-17 20:00:00','solar',0),(86,1,'2024-03-17 21:00:00','solar',0),(87,1,'2024-03-17 22:00:00','solar',0),(88,1,'2024-03-17 23:00:00','solar',0),(89,1,'2024-03-18 00:00:00','solar',0),(90,1,'2024-03-18 01:00:00','solar',0),(91,1,'2024-03-18 02:00:00','solar',0),(92,1,'2024-03-18 03:00:00','solar',0),(93,1,'2024-03-18 04:00:00','solar',0),(94,1,'2024-03-18 05:00:00','solar',0),(95,1,'2024-03-18 06:00:00','solar',651.79),(96,1,'2024-03-18 07:00:00','solar',1303.58),(97,1,'2024-03-18 08:00:00','solar',2005.81),(98,1,'2024-03-18 09:00:00','solar',2674.42),(99,1,'2024-03-18 10:00:00','solar',3343.02),(100,1,'2024-03-18 11:00:00','solar',4011.63),(101,1,'2024-03-18 12:00:00','solar',4680.23),(102,1,'2024-03-18 13:00:00','solar',5348.84),(103,1,'2024-03-18 14:00:00','solar',6017.44),(104,1,'2024-03-18 15:00:00','solar',4813.95),(105,1,'2024-03-18 16:00:00','solar',3610.47),(106,1,'2024-03-18 17:00:00','solar',2406.98),(107,1,'2024-03-18 18:00:00','solar',1203.49),(108,1,'2024-03-18 19:00:00','solar',0),(109,1,'2024-03-18 20:00:00','solar',0),(110,1,'2024-03-18 21:00:00','solar',0),(111,1,'2024-03-18 22:00:00','solar',0),(112,1,'2024-03-18 23:00:00','solar',0),(113,1,'2024-03-19 00:00:00','solar',0),(114,1,'2024-03-19 01:00:00','solar',0),(115,1,'2024-03-19 02:00:00','solar',0),(116,1,'2024-03-19 03:00:00','solar',0),(117,1,'2024-03-19 04:00:00','solar',0),(118,1,'2024-03-19 05:00:00','solar',0),(119,1,'2024-03-19 06:00:00','solar',668.6),(120,1,'2024-03-19 07:00:00','solar',1337.21),(121,1,'2024-03-19 08:00:00','solar',2149.85),(122,1,'2024-03-19 09:00:00','solar',2866.46),(123,1,'2024-03-19 10:00:00','solar',3583.08),(124,1,'2024-03-19 11:00:00','solar',4299.69),(125,1,'2024-03-19 12:00:00','solar',5016.31),(126,1,'2024-03-19 13:00:00','solar',5732.92),(127,1,'2024-03-19 14:00:00','solar',6449.54),(128,1,'2024-03-19 15:00:00','solar',5159.63),(129,1,'2024-03-19 16:00:00','solar',3869.72),(130,1,'2024-03-19 17:00:00','solar',2579.82),(131,1,'2024-03-19 18:00:00','solar',1289.91),(132,1,'2024-03-19 19:00:00','solar',0),(133,1,'2024-03-19 20:00:00','solar',0),(134,1,'2024-03-19 21:00:00','solar',0),(135,1,'2024-03-19 22:00:00','solar',0),(136,1,'2024-03-19 23:00:00','solar',0),(137,1,'2024-03-20 00:00:00','solar',0),(138,1,'2024-03-20 01:00:00','solar',0),(139,1,'2024-03-20 02:00:00','solar',0),(140,1,'2024-03-20 03:00:00','solar',0),(141,1,'2024-03-20 04:00:00','solar',0),(142,1,'2024-03-20 05:00:00','solar',0),(143,1,'2024-03-20 06:00:00','solar',716.62),(144,1,'2024-03-20 07:00:00','solar',1433.23),(145,1,'2024-03-20 08:00:00','solar',1983.25),(146,1,'2024-03-20 09:00:00','solar',2644.33),(147,1,'2024-03-20 10:00:00','solar',3305.41),(148,1,'2024-03-20 11:00:00','solar',3966.49),(149,1,'2024-03-20 12:00:00','solar',4627.57),(150,1,'2024-03-20 13:00:00','solar',5288.65),(151,1,'2024-03-20 14:00:00','solar',5949.74),(152,1,'2024-03-20 15:00:00','solar',4759.79),(153,1,'2024-03-20 16:00:00','solar',3569.84),(154,1,'2024-03-20 17:00:00','solar',2379.89),(155,1,'2024-03-20 18:00:00','solar',1189.95),(156,1,'2024-03-20 19:00:00','solar',0),(157,1,'2024-03-20 20:00:00','solar',0),(158,1,'2024-03-20 21:00:00','solar',0),(159,1,'2024-03-20 22:00:00','solar',0),(160,1,'2024-03-20 23:00:00','solar',0),(161,1,'2024-03-21 00:00:00','solar',0),(162,1,'2024-03-21 01:00:00','solar',0),(163,1,'2024-03-21 02:00:00','solar',0),(164,1,'2024-03-21 03:00:00','solar',0),(165,1,'2024-03-21 04:00:00','solar',0),(166,1,'2024-03-21 05:00:00','solar',0),(167,1,'2024-03-21 06:00:00','solar',661.08),(168,1,'2024-03-21 07:00:00','solar',1322.16),(170,4,'2024-03-14 08:00:00','solar',1149.86),(171,4,'2024-03-14 09:00:00','solar',1533.14),(172,4,'2024-03-14 10:00:00','solar',1916.43),(173,4,'2024-03-14 11:00:00','solar',2299.71),(174,4,'2024-03-14 12:00:00','solar',2683),(175,4,'2024-03-14 13:00:00','solar',3066.29),(176,4,'2024-03-14 14:00:00','solar',3449.57),(177,4,'2024-03-14 15:00:00','solar',2759.66),(178,4,'2024-03-14 16:00:00','solar',2069.74),(179,4,'2024-03-14 17:00:00','solar',1379.83),(180,4,'2024-03-14 18:00:00','solar',689.91),(181,4,'2024-03-14 19:00:00','solar',0),(182,4,'2024-03-14 20:00:00','solar',0),(183,4,'2024-03-14 21:00:00','solar',0),(184,4,'2024-03-14 22:00:00','solar',0),(185,4,'2024-03-14 23:00:00','solar',0),(186,4,'2024-03-15 00:00:00','solar',0),(187,4,'2024-03-15 01:00:00','solar',0),(188,4,'2024-03-15 02:00:00','solar',0),(189,4,'2024-03-15 03:00:00','solar',0),(190,4,'2024-03-15 04:00:00','solar',0),(191,4,'2024-03-15 05:00:00','solar',0),(192,4,'2024-03-15 06:00:00','solar',383.29),(193,4,'2024-03-15 07:00:00','solar',766.57),(194,4,'2024-03-15 08:00:00','solar',1127.28),(195,4,'2024-03-15 09:00:00','solar',1503.05),(196,4,'2024-03-15 10:00:00','solar',1878.81),(197,4,'2024-03-15 11:00:00','solar',2254.57),(198,4,'2024-03-15 12:00:00','solar',2630.33),(199,4,'2024-03-15 13:00:00','solar',3006.09),(200,4,'2024-03-15 14:00:00','solar',3381.85),(201,4,'2024-03-15 15:00:00','solar',2705.48),(202,4,'2024-03-15 16:00:00','solar',2029.11),(203,4,'2024-03-15 17:00:00','solar',1352.74),(204,4,'2024-03-15 18:00:00','solar',676.37),(205,4,'2024-03-15 19:00:00','solar',0),(206,4,'2024-03-15 20:00:00','solar',0),(207,4,'2024-03-15 21:00:00','solar',0),(208,4,'2024-03-15 22:00:00','solar',0),(209,4,'2024-03-15 23:00:00','solar',0),(210,4,'2024-03-16 00:00:00','solar',0),(211,4,'2024-03-16 01:00:00','solar',0),(212,4,'2024-03-16 02:00:00','solar',0),(213,4,'2024-03-16 03:00:00','solar',0),(214,4,'2024-03-16 04:00:00','solar',0),(215,4,'2024-03-16 05:00:00','solar',0),(216,4,'2024-03-16 06:00:00','solar',375.76),(217,4,'2024-03-16 07:00:00','solar',751.52),(218,4,'2024-03-16 08:00:00','solar',1849.85),(219,4,'2024-03-16 09:00:00','solar',2466.47),(220,4,'2024-03-16 10:00:00','solar',3083.09),(221,4,'2024-03-16 11:00:00','solar',3699.71),(222,4,'2024-03-16 12:00:00','solar',4316.33),(223,4,'2024-03-16 13:00:00','solar',4932.95),(224,4,'2024-03-16 14:00:00','solar',5549.56),(225,4,'2024-03-16 15:00:00','solar',4439.65),(226,4,'2024-03-16 16:00:00','solar',3329.74),(227,4,'2024-03-16 17:00:00','solar',2219.83),(228,4,'2024-03-16 18:00:00','solar',1109.91),(229,4,'2024-03-16 19:00:00','solar',0),(230,4,'2024-03-16 20:00:00','solar',0),(231,4,'2024-03-16 21:00:00','solar',0),(232,4,'2024-03-16 22:00:00','solar',0),(233,4,'2024-03-16 23:00:00','solar',0),(234,4,'2024-03-17 00:00:00','solar',0),(235,4,'2024-03-17 01:00:00','solar',0),(236,4,'2024-03-17 02:00:00','solar',0),(237,4,'2024-03-17 03:00:00','solar',0),(238,4,'2024-03-17 04:00:00','solar',0),(239,4,'2024-03-17 05:00:00','solar',0),(240,4,'2024-03-17 06:00:00','solar',616.62),(241,4,'2024-03-17 07:00:00','solar',1233.24),(242,4,'2024-03-17 08:00:00','solar',1159.47),(243,4,'2024-03-17 09:00:00','solar',1545.95),(244,4,'2024-03-17 10:00:00','solar',1932.44),(245,4,'2024-03-17 11:00:00','solar',2318.93),(246,4,'2024-03-17 12:00:00','solar',2705.42),(247,4,'2024-03-17 13:00:00','solar',3091.91),(248,4,'2024-03-17 14:00:00','solar',3478.4),(249,4,'2024-03-17 15:00:00','solar',2782.72),(250,4,'2024-03-17 16:00:00','solar',2087.04),(251,4,'2024-03-17 17:00:00','solar',1391.36),(252,4,'2024-03-17 18:00:00','solar',695.68),(253,4,'2024-03-17 19:00:00','solar',0),(254,4,'2024-03-17 20:00:00','solar',0),(255,4,'2024-03-17 21:00:00','solar',0),(256,4,'2024-03-17 22:00:00','solar',0),(257,4,'2024-03-17 23:00:00','solar',0),(258,4,'2024-03-18 00:00:00','solar',0),(259,4,'2024-03-18 01:00:00','solar',0),(260,4,'2024-03-18 02:00:00','solar',0),(261,4,'2024-03-18 03:00:00','solar',0),(262,4,'2024-03-18 04:00:00','solar',0),(263,4,'2024-03-18 05:00:00','solar',0),(264,4,'2024-03-18 06:00:00','solar',386.49),(265,4,'2024-03-18 07:00:00','solar',772.98),(266,4,'2024-03-18 08:00:00','solar',1586.88),(267,4,'2024-03-18 09:00:00','solar',2115.84),(268,4,'2024-03-18 10:00:00','solar',2644.79),(269,4,'2024-03-18 11:00:00','solar',3173.75),(270,4,'2024-03-18 12:00:00','solar',3702.71),(271,4,'2024-03-18 13:00:00','solar',4231.67),(272,4,'2024-03-18 14:00:00','solar',4760.63),(273,4,'2024-03-18 15:00:00','solar',3808.5),(274,4,'2024-03-18 16:00:00','solar',2856.38),(275,4,'2024-03-18 17:00:00','solar',1904.25),(276,4,'2024-03-18 18:00:00','solar',952.13),(277,4,'2024-03-18 19:00:00','solar',0),(278,4,'2024-03-18 20:00:00','solar',0),(279,4,'2024-03-18 21:00:00','solar',0),(280,4,'2024-03-18 22:00:00','solar',0),(281,4,'2024-03-18 23:00:00','solar',0),(282,4,'2024-03-19 00:00:00','solar',0),(283,4,'2024-03-19 01:00:00','solar',0),(284,4,'2024-03-19 02:00:00','solar',0),(285,4,'2024-03-19 03:00:00','solar',0),(286,4,'2024-03-19 04:00:00','solar',0),(287,4,'2024-03-19 05:00:00','solar',0),(288,4,'2024-03-19 06:00:00','solar',528.96),(289,4,'2024-03-19 07:00:00','solar',1057.92),(290,4,'2024-03-19 08:00:00','solar',2069.61),(291,4,'2024-03-19 09:00:00','solar',2759.48),(292,4,'2024-03-19 10:00:00','solar',3449.35),(293,4,'2024-03-19 11:00:00','solar',4139.23),(294,4,'2024-03-19 12:00:00','solar',4829.1),(295,4,'2024-03-19 13:00:00','solar',5518.97),(296,4,'2024-03-19 14:00:00','solar',6208.84),(297,4,'2024-03-19 15:00:00','solar',4967.07),(298,4,'2024-03-19 16:00:00','solar',3725.3),(299,4,'2024-03-19 17:00:00','solar',2483.54),(300,4,'2024-03-19 18:00:00','solar',1241.77),(301,4,'2024-03-19 19:00:00','solar',0),(302,4,'2024-03-19 20:00:00','solar',0),(303,4,'2024-03-19 21:00:00','solar',0),(304,4,'2024-03-19 22:00:00','solar',0),(305,4,'2024-03-19 23:00:00','solar',0),(306,4,'2024-03-20 00:00:00','solar',0),(307,4,'2024-03-20 01:00:00','solar',0),(308,4,'2024-03-20 02:00:00','solar',0),(309,4,'2024-03-20 03:00:00','solar',0),(310,4,'2024-03-20 04:00:00','solar',0),(311,4,'2024-03-20 05:00:00','solar',0),(312,4,'2024-03-20 06:00:00','solar',689.87),(313,4,'2024-03-20 07:00:00','solar',1379.74),(314,4,'2024-03-20 08:00:00','solar',1371.87),(315,4,'2024-03-20 09:00:00','solar',1829.16),(316,4,'2024-03-20 10:00:00','solar',2286.44),(317,4,'2024-03-20 11:00:00','solar',2743.73),(318,4,'2024-03-20 12:00:00','solar',3201.02),(319,4,'2024-03-20 13:00:00','solar',3658.31),(320,4,'2024-03-20 14:00:00','solar',4115.6),(321,4,'2024-03-20 15:00:00','solar',3292.48),(322,4,'2024-03-20 16:00:00','solar',2469.36),(323,4,'2024-03-20 17:00:00','solar',1646.24),(324,4,'2024-03-20 18:00:00','solar',823.12),(325,4,'2024-03-20 19:00:00','solar',0),(326,4,'2024-03-20 20:00:00','solar',0),(327,4,'2024-03-20 21:00:00','solar',0),(328,4,'2024-03-20 22:00:00','solar',0),(329,4,'2024-03-20 23:00:00','solar',0),(330,4,'2024-03-21 00:00:00','solar',0),(331,4,'2024-03-21 01:00:00','solar',0),(332,4,'2024-03-21 02:00:00','solar',0),(333,4,'2024-03-21 03:00:00','solar',0),(334,4,'2024-03-21 04:00:00','solar',0),(335,4,'2024-03-21 05:00:00','solar',0),(336,4,'2024-03-21 06:00:00','solar',457.29),(337,4,'2024-03-21 07:00:00','solar',914.58),(338,1,'2024-03-14 08:00:00','wind',3952.8),(339,1,'2024-03-14 09:00:00','wind',5683.94),(340,1,'2024-03-14 10:00:00','wind',4687.53),(341,1,'2024-03-14 11:00:00','wind',3676.93),(342,1,'2024-03-14 12:00:00','wind',5261.48),(343,1,'2024-03-14 13:00:00','wind',4202.8),(344,1,'2024-03-14 14:00:00','wind',5354.98),(345,1,'2024-03-14 15:00:00','wind',3779.15),(346,1,'2024-03-14 16:00:00','wind',5904.01),(347,1,'2024-03-14 17:00:00','wind',3608.01),(348,1,'2024-03-14 18:00:00','wind',5869.38),(349,1,'2024-03-14 19:00:00','wind',4060.33),(350,1,'2024-03-14 20:00:00','wind',3840.19),(351,1,'2024-03-14 21:00:00','wind',3060.09),(352,1,'2024-03-14 22:00:00','wind',4266.22),(353,1,'2024-03-14 23:00:00','wind',3123.34),(354,1,'2024-03-15 00:00:00','wind',4296.39),(355,1,'2024-03-15 01:00:00','wind',4764.37),(356,1,'2024-03-15 02:00:00','wind',4765.02),(357,1,'2024-03-15 03:00:00','wind',4122.45),(358,1,'2024-03-15 04:00:00','wind',4942.12),(359,1,'2024-03-15 05:00:00','wind',4030.03),(360,1,'2024-03-15 06:00:00','wind',4897.24),(361,1,'2024-03-15 07:00:00','wind',3947.46),(362,1,'2024-03-15 08:00:00','wind',5012.87),(363,1,'2024-03-15 09:00:00','wind',5508.47),(364,1,'2024-03-15 10:00:00','wind',5622.49),(365,1,'2024-03-15 11:00:00','wind',5515.47),(366,1,'2024-03-15 12:00:00','wind',4657.67),(367,1,'2024-03-15 13:00:00','wind',3050.41),(368,1,'2024-03-15 14:00:00','wind',4766.44),(369,1,'2024-03-15 15:00:00','wind',5207.34),(370,1,'2024-03-15 16:00:00','wind',3193.46),(371,1,'2024-03-15 17:00:00','wind',4661.96),(372,1,'2024-03-15 18:00:00','wind',4151.18),(373,1,'2024-03-15 19:00:00','wind',5550.56),(374,1,'2024-03-15 20:00:00','wind',3722.16),(375,1,'2024-03-15 21:00:00','wind',3111.83),(376,1,'2024-03-15 22:00:00','wind',4281.44),(377,1,'2024-03-15 23:00:00','wind',3633.68),(378,1,'2024-03-16 00:00:00','wind',5495.45),(379,1,'2024-03-16 01:00:00','wind',3205.13),(380,1,'2024-03-16 02:00:00','wind',4122.18),(381,1,'2024-03-16 03:00:00','wind',5647.92),(382,1,'2024-03-16 04:00:00','wind',5385.8),(383,1,'2024-03-16 05:00:00','wind',3352.22),(384,1,'2024-03-16 06:00:00','wind',3123.39),(385,1,'2024-03-16 07:00:00','wind',5106.95),(386,1,'2024-03-16 08:00:00','wind',5231.36),(387,1,'2024-03-16 09:00:00','wind',5113.72),(388,1,'2024-03-16 10:00:00','wind',4036.87),(389,1,'2024-03-16 11:00:00','wind',5623.93),(390,1,'2024-03-16 12:00:00','wind',4272.33),(391,1,'2024-03-16 13:00:00','wind',4740.98),(392,1,'2024-03-16 14:00:00','wind',3137.52),(393,1,'2024-03-16 15:00:00','wind',3040.73),(394,1,'2024-03-16 16:00:00','wind',5420.73),(395,1,'2024-03-16 17:00:00','wind',3232.57),(396,1,'2024-03-16 18:00:00','wind',5584.97),(397,1,'2024-03-16 19:00:00','wind',5754.55),(398,1,'2024-03-16 20:00:00','wind',3531.98),(399,1,'2024-03-16 21:00:00','wind',3912.13),(400,1,'2024-03-16 22:00:00','wind',3451.25),(401,1,'2024-03-16 23:00:00','wind',4372.48),(402,1,'2024-03-17 00:00:00','wind',4303.42),(403,1,'2024-03-17 01:00:00','wind',3611.37),(404,1,'2024-03-17 02:00:00','wind',4673.9),(405,1,'2024-03-17 03:00:00','wind',3285.05),(406,1,'2024-03-17 04:00:00','wind',3392.96),(407,1,'2024-03-17 05:00:00','wind',5566.38),(408,1,'2024-03-17 06:00:00','wind',5478.27),(409,1,'2024-03-17 07:00:00','wind',3462.33),(410,1,'2024-03-17 08:00:00','wind',3470.84),(411,1,'2024-03-17 09:00:00','wind',5092.9),(412,1,'2024-03-17 10:00:00','wind',4991.65),(413,1,'2024-03-17 11:00:00','wind',3566.09),(414,1,'2024-03-17 12:00:00','wind',3353.94),(415,1,'2024-03-17 13:00:00','wind',4158.58),(416,1,'2024-03-17 14:00:00','wind',4724.71),(417,1,'2024-03-17 15:00:00','wind',3721.29),(418,1,'2024-03-17 16:00:00','wind',5080.02),(419,1,'2024-03-17 17:00:00','wind',3726.09),(420,1,'2024-03-17 18:00:00','wind',5351.78),(421,1,'2024-03-17 19:00:00','wind',3783.33),(422,1,'2024-03-17 20:00:00','wind',3879.01),(423,1,'2024-03-17 21:00:00','wind',4432.76),(424,1,'2024-03-17 22:00:00','wind',5312.18),(425,1,'2024-03-17 23:00:00','wind',5463.13),(426,1,'2024-03-18 00:00:00','wind',5141.74),(427,1,'2024-03-18 01:00:00','wind',3161.29),(428,1,'2024-03-18 02:00:00','wind',5305.97),(429,1,'2024-03-18 03:00:00','wind',5486.66),(430,1,'2024-03-18 04:00:00','wind',4945.17),(431,1,'2024-03-18 05:00:00','wind',4496.92),(432,1,'2024-03-18 06:00:00','wind',3458.69),(433,1,'2024-03-18 07:00:00','wind',4045.57),(434,1,'2024-03-18 08:00:00','wind',3212.44),(435,1,'2024-03-18 09:00:00','wind',4002.77),(436,1,'2024-03-18 10:00:00','wind',4740.67),(437,1,'2024-03-18 11:00:00','wind',5845.17),(438,1,'2024-03-18 12:00:00','wind',5725.8),(439,1,'2024-03-18 13:00:00','wind',5274.78),(440,1,'2024-03-18 14:00:00','wind',3122.36),(441,1,'2024-03-18 15:00:00','wind',5362.48),(442,1,'2024-03-18 16:00:00','wind',3287.01),(443,1,'2024-03-18 17:00:00','wind',5818.13),(444,1,'2024-03-18 18:00:00','wind',4066.15),(445,1,'2024-03-18 19:00:00','wind',4323.65),(446,1,'2024-03-18 20:00:00','wind',5106.09),(447,1,'2024-03-18 21:00:00','wind',5059.11),(448,1,'2024-03-18 22:00:00','wind',4852.55),(449,1,'2024-03-18 23:00:00','wind',4830.2),(450,1,'2024-03-19 00:00:00','wind',3424.93),(451,1,'2024-03-19 01:00:00','wind',5199.6),(452,1,'2024-03-19 02:00:00','wind',3667),(453,1,'2024-03-19 03:00:00','wind',5487.72),(454,1,'2024-03-19 04:00:00','wind',5911.23),(455,1,'2024-03-19 05:00:00','wind',4279.78),(456,1,'2024-03-19 06:00:00','wind',4330.37),(457,1,'2024-03-19 07:00:00','wind',3388.59),(458,1,'2024-03-19 08:00:00','wind',4242.6),(459,1,'2024-03-19 09:00:00','wind',5325.29),(460,1,'2024-03-19 10:00:00','wind',4154.21),(461,1,'2024-03-19 11:00:00','wind',3769.35),(462,1,'2024-03-19 12:00:00','wind',4870.47),(463,1,'2024-03-19 13:00:00','wind',5536.64),(464,1,'2024-03-19 14:00:00','wind',3873.94),(465,1,'2024-03-19 15:00:00','wind',4062.09),(466,1,'2024-03-19 16:00:00','wind',3963.03),(467,1,'2024-03-19 17:00:00','wind',3580.32),(468,1,'2024-03-19 18:00:00','wind',4837.8),(469,1,'2024-03-19 19:00:00','wind',3758.24),(470,1,'2024-03-19 20:00:00','wind',4329.77),(471,1,'2024-03-19 21:00:00','wind',3089.39),(472,1,'2024-03-19 22:00:00','wind',5437.61),(473,1,'2024-03-19 23:00:00','wind',4360.52),(474,1,'2024-03-20 00:00:00','wind',4903.61),(475,1,'2024-03-20 01:00:00','wind',4314.26),(476,1,'2024-03-20 02:00:00','wind',5045.06),(477,1,'2024-03-20 03:00:00','wind',5720.98),(478,1,'2024-03-20 04:00:00','wind',5682.25),(479,1,'2024-03-20 05:00:00','wind',3539.82),(480,1,'2024-03-20 06:00:00','wind',3374.72),(481,1,'2024-03-20 07:00:00','wind',5645.09),(482,1,'2024-03-20 08:00:00','wind',3270.78),(483,1,'2024-03-20 09:00:00','wind',3961.97),(484,1,'2024-03-20 10:00:00','wind',3308.52),(485,1,'2024-03-20 11:00:00','wind',3070.62),(486,1,'2024-03-20 12:00:00','wind',3140.87),(487,1,'2024-03-20 13:00:00','wind',3332.46),(488,1,'2024-03-20 14:00:00','wind',3455.82),(489,1,'2024-03-20 15:00:00','wind',3593.59),(490,1,'2024-03-20 16:00:00','wind',4030.3),(491,1,'2024-03-20 17:00:00','wind',3877.35),(492,1,'2024-03-20 18:00:00','wind',3461.82),(493,1,'2024-03-20 19:00:00','wind',3797.44),(494,1,'2024-03-20 20:00:00','wind',5385.98),(495,1,'2024-03-20 21:00:00','wind',3286.77),(496,1,'2024-03-20 22:00:00','wind',5889.75),(497,1,'2024-03-20 23:00:00','wind',4524.07),(498,1,'2024-03-21 00:00:00','wind',4569.54),(499,1,'2024-03-21 01:00:00','wind',5264.63),(500,1,'2024-03-21 02:00:00','wind',5199.94),(501,1,'2024-03-21 03:00:00','wind',5094.75),(502,1,'2024-03-21 04:00:00','wind',3239.15),(503,1,'2024-03-21 05:00:00','wind',4256.56),(504,1,'2024-03-21 06:00:00','wind',5961.43),(505,1,'2024-03-21 07:00:00','wind',5424.97),(506,4,'2024-03-14 08:00:00','wind',7163.27),(507,4,'2024-03-14 09:00:00','wind',6900.41),(508,4,'2024-03-14 10:00:00','wind',6857.32),(509,4,'2024-03-14 11:00:00','wind',6466.43),(510,4,'2024-03-14 12:00:00','wind',7213.53),(511,4,'2024-03-14 13:00:00','wind',6097.26),(512,4,'2024-03-14 14:00:00','wind',7557.33),(513,4,'2024-03-14 15:00:00','wind',5568.04),(514,4,'2024-03-14 16:00:00','wind',7379.15),(515,4,'2024-03-14 17:00:00','wind',7934.8),(516,4,'2024-03-14 18:00:00','wind',5412.47),(517,4,'2024-03-14 19:00:00','wind',6418.45),(518,4,'2024-03-14 20:00:00','wind',5751.29),(519,4,'2024-03-14 21:00:00','wind',7504.54),(520,4,'2024-03-14 22:00:00','wind',6019.61),(521,4,'2024-03-14 23:00:00','wind',6410.48),(522,4,'2024-03-15 00:00:00','wind',7003.43),(523,4,'2024-03-15 01:00:00','wind',6774.28),(524,4,'2024-03-15 02:00:00','wind',5611.55),(525,4,'2024-03-15 03:00:00','wind',5880.79),(526,4,'2024-03-15 04:00:00','wind',5512.42),(527,4,'2024-03-15 05:00:00','wind',5143.44),(528,4,'2024-03-15 06:00:00','wind',7223.15),(529,4,'2024-03-15 07:00:00','wind',5684.78),(530,4,'2024-03-15 08:00:00','wind',5194.34),(531,4,'2024-03-15 09:00:00','wind',7719.35),(532,4,'2024-03-15 10:00:00','wind',6986.34),(533,4,'2024-03-15 11:00:00','wind',7357.93),(534,4,'2024-03-15 12:00:00','wind',6108.95),(535,4,'2024-03-15 13:00:00','wind',6173),(536,4,'2024-03-15 14:00:00','wind',7053.66),(537,4,'2024-03-15 15:00:00','wind',5084.11),(538,4,'2024-03-15 16:00:00','wind',5406.57),(539,4,'2024-03-15 17:00:00','wind',6761.76),(540,4,'2024-03-15 18:00:00','wind',5908.61),(541,4,'2024-03-15 19:00:00','wind',5010.38),(542,4,'2024-03-15 20:00:00','wind',6414.87),(543,4,'2024-03-15 21:00:00','wind',7296.65),(544,4,'2024-03-15 22:00:00','wind',7692.9),(545,4,'2024-03-15 23:00:00','wind',7203.52),(546,4,'2024-03-16 00:00:00','wind',5487.68),(547,4,'2024-03-16 01:00:00','wind',7978.04),(548,4,'2024-03-16 02:00:00','wind',5716.16),(549,4,'2024-03-16 03:00:00','wind',7767.63),(550,4,'2024-03-16 04:00:00','wind',6395.45),(551,4,'2024-03-16 05:00:00','wind',7472.18),(552,4,'2024-03-16 06:00:00','wind',6919.93),(553,4,'2024-03-16 07:00:00','wind',7567.94),(554,4,'2024-03-16 08:00:00','wind',7206.47),(555,4,'2024-03-16 09:00:00','wind',7307.15),(556,4,'2024-03-16 10:00:00','wind',6068.43),(557,4,'2024-03-16 11:00:00','wind',7267.67),(558,4,'2024-03-16 12:00:00','wind',6717.82),(559,4,'2024-03-16 13:00:00','wind',6486.91),(560,4,'2024-03-16 14:00:00','wind',7525.24),(561,4,'2024-03-16 15:00:00','wind',7778.72),(562,4,'2024-03-16 16:00:00','wind',6917.92),(563,4,'2024-03-16 17:00:00','wind',5884.03),(564,4,'2024-03-16 18:00:00','wind',7722.83),(565,4,'2024-03-16 19:00:00','wind',6911.86),(566,4,'2024-03-16 20:00:00','wind',6868.54),(567,4,'2024-03-16 21:00:00','wind',7269.42),(568,4,'2024-03-16 22:00:00','wind',5928.2),(569,4,'2024-03-16 23:00:00','wind',6540.83),(570,4,'2024-03-17 00:00:00','wind',6075.61),(571,4,'2024-03-17 01:00:00','wind',7717.47),(572,4,'2024-03-17 02:00:00','wind',6825.82),(573,4,'2024-03-17 03:00:00','wind',7318.1),(574,4,'2024-03-17 04:00:00','wind',7628.33),(575,4,'2024-03-17 05:00:00','wind',7456.26),(576,4,'2024-03-17 06:00:00','wind',7034.77),(577,4,'2024-03-17 07:00:00','wind',5318.68),(578,4,'2024-03-17 08:00:00','wind',5288.05),(579,4,'2024-03-17 09:00:00','wind',7739.58),(580,4,'2024-03-17 10:00:00','wind',7194.04),(581,4,'2024-03-17 11:00:00','wind',5319.57),(582,4,'2024-03-17 12:00:00','wind',6373.07),(583,4,'2024-03-17 13:00:00','wind',5057.96),(584,4,'2024-03-17 14:00:00','wind',6211.22),(585,4,'2024-03-17 15:00:00','wind',5965.61),(586,4,'2024-03-17 16:00:00','wind',6319.88),(587,4,'2024-03-17 17:00:00','wind',7822.86),(588,4,'2024-03-17 18:00:00','wind',7787.18),(589,4,'2024-03-17 19:00:00','wind',7042.53),(590,4,'2024-03-17 20:00:00','wind',7957.57),(591,4,'2024-03-17 21:00:00','wind',6011.06),(592,4,'2024-03-17 22:00:00','wind',6239.53),(593,4,'2024-03-17 23:00:00','wind',6674.23),(594,4,'2024-03-18 00:00:00','wind',7202.3),(595,4,'2024-03-18 01:00:00','wind',7072.79),(596,4,'2024-03-18 02:00:00','wind',7939.58),(597,4,'2024-03-18 03:00:00','wind',6121.44),(598,4,'2024-03-18 04:00:00','wind',6956.46),(599,4,'2024-03-18 05:00:00','wind',7170.26),(600,4,'2024-03-18 06:00:00','wind',5018.6),(601,4,'2024-03-18 07:00:00','wind',6887.89),(602,4,'2024-03-18 08:00:00','wind',7851.63),(603,4,'2024-03-18 09:00:00','wind',5071.17),(604,4,'2024-03-18 10:00:00','wind',5549.3),(605,4,'2024-03-18 11:00:00','wind',5442.89),(606,4,'2024-03-18 12:00:00','wind',7658.73),(607,4,'2024-03-18 13:00:00','wind',5959.2),(608,4,'2024-03-18 14:00:00','wind',6449.52),(609,4,'2024-03-18 15:00:00','wind',7341.52),(610,4,'2024-03-18 16:00:00','wind',6332.8),(611,4,'2024-03-18 17:00:00','wind',5603.65),(612,4,'2024-03-18 18:00:00','wind',5631.49),(613,4,'2024-03-18 19:00:00','wind',7745.34),(614,4,'2024-03-18 20:00:00','wind',5168.57),(615,4,'2024-03-18 21:00:00','wind',6386.73),(616,4,'2024-03-18 22:00:00','wind',7705.27),(617,4,'2024-03-18 23:00:00','wind',7004.24),(618,4,'2024-03-19 00:00:00','wind',5653.26),(619,4,'2024-03-19 01:00:00','wind',5051.3),(620,4,'2024-03-19 02:00:00','wind',6757.36),(621,4,'2024-03-19 03:00:00','wind',5518.27),(622,4,'2024-03-19 04:00:00','wind',5261.69),(623,4,'2024-03-19 05:00:00','wind',6472.92),(624,4,'2024-03-19 06:00:00','wind',6868.13),(625,4,'2024-03-19 07:00:00','wind',7943.37),(626,4,'2024-03-19 08:00:00','wind',6804.09),(627,4,'2024-03-19 09:00:00','wind',5381.37),(628,4,'2024-03-19 10:00:00','wind',5540.9),(629,4,'2024-03-19 11:00:00','wind',5634.4),(630,4,'2024-03-19 12:00:00','wind',7307.86),(631,4,'2024-03-19 13:00:00','wind',7921.61),(632,4,'2024-03-19 14:00:00','wind',5575.12),(633,4,'2024-03-19 15:00:00','wind',7817.49),(634,4,'2024-03-19 16:00:00','wind',5850.63),(635,4,'2024-03-19 17:00:00','wind',5021.22),(636,4,'2024-03-19 18:00:00','wind',6019.84),(637,4,'2024-03-19 19:00:00','wind',5231.04),(638,4,'2024-03-19 20:00:00','wind',6506.35),(639,4,'2024-03-19 21:00:00','wind',5434.96),(640,4,'2024-03-19 22:00:00','wind',6007.82),(641,4,'2024-03-19 23:00:00','wind',6064.13),(642,4,'2024-03-20 00:00:00','wind',6280.35),(643,4,'2024-03-20 01:00:00','wind',7146.35),(644,4,'2024-03-20 02:00:00','wind',7372.5),(645,4,'2024-03-20 03:00:00','wind',6229.22),(646,4,'2024-03-20 04:00:00','wind',7721.42),(647,4,'2024-03-20 05:00:00','wind',6747.87),(648,4,'2024-03-20 06:00:00','wind',6321.72),(649,4,'2024-03-20 07:00:00','wind',6028.29),(650,4,'2024-03-20 08:00:00','wind',6371.08),(651,4,'2024-03-20 09:00:00','wind',6802.61),(652,4,'2024-03-20 10:00:00','wind',6238.19),(653,4,'2024-03-20 11:00:00','wind',7067.82),(654,4,'2024-03-20 12:00:00','wind',5740.33),(655,4,'2024-03-20 13:00:00','wind',6831.25),(656,4,'2024-03-20 14:00:00','wind',7559.4),(657,4,'2024-03-20 15:00:00','wind',5288.07),(658,4,'2024-03-20 16:00:00','wind',7548.58),(659,4,'2024-03-20 17:00:00','wind',5478.88),(660,4,'2024-03-20 18:00:00','wind',6360.18),(661,4,'2024-03-20 19:00:00','wind',7715.49),(662,4,'2024-03-20 20:00:00','wind',6207.94),(663,4,'2024-03-20 21:00:00','wind',7877.65),(664,4,'2024-03-20 22:00:00','wind',6793.38),(665,4,'2024-03-20 23:00:00','wind',7830.94),(666,4,'2024-03-21 00:00:00','wind',7066.38),(667,4,'2024-03-21 01:00:00','wind',6331.85),(668,4,'2024-03-21 02:00:00','wind',6090.42),(669,4,'2024-03-21 03:00:00','wind',6062.33),(670,4,'2024-03-21 04:00:00','wind',7124.98),(671,4,'2024-03-21 05:00:00','wind',5306.75),(672,4,'2024-03-21 06:00:00','wind',7293.15),(673,4,'2024-03-21 07:00:00','wind',5722.83),(674,1,'2024-03-14 08:00:00','hydro',12378.4),(675,1,'2024-03-14 09:00:00','hydro',11842.4),(676,1,'2024-03-14 10:00:00','hydro',8858.97),(677,1,'2024-03-14 11:00:00','hydro',11246.5),(678,1,'2024-03-14 12:00:00','hydro',12696.1),(679,1,'2024-03-14 13:00:00','hydro',13348.8),(680,1,'2024-03-14 14:00:00','hydro',8648.85),(681,1,'2024-03-14 15:00:00','hydro',12822.4),(682,1,'2024-03-14 16:00:00','hydro',10540.2),(683,1,'2024-03-14 17:00:00','hydro',13934.5),(684,1,'2024-03-14 18:00:00','hydro',8594.93),(685,1,'2024-03-14 19:00:00','hydro',8795.9),(686,1,'2024-03-14 20:00:00','hydro',8503.14),(687,1,'2024-03-14 21:00:00','hydro',9157.96),(688,1,'2024-03-14 22:00:00','hydro',9171.09),(689,1,'2024-03-14 23:00:00','hydro',8592.08),(690,1,'2024-03-15 00:00:00','hydro',13976.8),(691,1,'2024-03-15 01:00:00','hydro',9783.53),(692,1,'2024-03-15 02:00:00','hydro',13554.6),(693,1,'2024-03-15 03:00:00','hydro',9916.31),(694,1,'2024-03-15 04:00:00','hydro',13217),(695,1,'2024-03-15 05:00:00','hydro',8879.1),(696,1,'2024-03-15 06:00:00','hydro',13454.4),(697,1,'2024-03-15 07:00:00','hydro',12597.2),(698,1,'2024-03-15 08:00:00','hydro',12215.1),(699,1,'2024-03-15 09:00:00','hydro',8498.75),(700,1,'2024-03-15 10:00:00','hydro',13481.7),(701,1,'2024-03-15 11:00:00','hydro',10876.5),(702,1,'2024-03-15 12:00:00','hydro',9971.73),(703,1,'2024-03-15 13:00:00','hydro',12737.2),(704,1,'2024-03-15 14:00:00','hydro',9832.66),(705,1,'2024-03-15 15:00:00','hydro',8200.57),(706,1,'2024-03-15 16:00:00','hydro',12715.1),(707,1,'2024-03-15 17:00:00','hydro',9977.83),(708,1,'2024-03-15 18:00:00','hydro',8879.96),(709,1,'2024-03-15 19:00:00','hydro',11262.5),(710,1,'2024-03-15 20:00:00','hydro',13455),(711,1,'2024-03-15 21:00:00','hydro',11517.5),(712,1,'2024-03-15 22:00:00','hydro',8856.62),(713,1,'2024-03-15 23:00:00','hydro',13453.3),(714,1,'2024-03-16 00:00:00','hydro',13393.2),(715,1,'2024-03-16 01:00:00','hydro',11703.5),(716,1,'2024-03-16 02:00:00','hydro',10394.7),(717,1,'2024-03-16 03:00:00','hydro',11325.4),(718,1,'2024-03-16 04:00:00','hydro',10691),(719,1,'2024-03-16 05:00:00','hydro',11019.1),(720,1,'2024-03-16 06:00:00','hydro',12945.9),(721,1,'2024-03-16 07:00:00','hydro',11000.1),(722,1,'2024-03-16 08:00:00','hydro',9385.08),(723,1,'2024-03-16 09:00:00','hydro',11003.8),(724,1,'2024-03-16 10:00:00','hydro',11815.2),(725,1,'2024-03-16 11:00:00','hydro',9481.79),(726,1,'2024-03-16 12:00:00','hydro',13682.9),(727,1,'2024-03-16 13:00:00','hydro',8680.9),(728,1,'2024-03-16 14:00:00','hydro',11904.5),(729,1,'2024-03-16 15:00:00','hydro',13385.8),(730,1,'2024-03-16 16:00:00','hydro',11098.1),(731,1,'2024-03-16 17:00:00','hydro',11396.8),(732,1,'2024-03-16 18:00:00','hydro',11292.8),(733,1,'2024-03-16 19:00:00','hydro',10086.8),(734,1,'2024-03-16 20:00:00','hydro',13217.8),(735,1,'2024-03-16 21:00:00','hydro',13837.3),(736,1,'2024-03-16 22:00:00','hydro',10395.6),(737,1,'2024-03-16 23:00:00','hydro',13129.8),(738,1,'2024-03-17 00:00:00','hydro',9380.28),(739,1,'2024-03-17 01:00:00','hydro',11783.6),(740,1,'2024-03-17 02:00:00','hydro',11363.3),(741,1,'2024-03-17 03:00:00','hydro',9723.8),(742,1,'2024-03-17 04:00:00','hydro',12215.2),(743,1,'2024-03-17 05:00:00','hydro',12935.3),(744,1,'2024-03-17 06:00:00','hydro',11187.8),(745,1,'2024-03-17 07:00:00','hydro',11927),(746,1,'2024-03-17 08:00:00','hydro',8731.57),(747,1,'2024-03-17 09:00:00','hydro',13845.2),(748,1,'2024-03-17 10:00:00','hydro',10302.7),(749,1,'2024-03-17 11:00:00','hydro',12139.7),(750,1,'2024-03-17 12:00:00','hydro',13739.5),(751,1,'2024-03-17 13:00:00','hydro',8249.49),(752,1,'2024-03-17 14:00:00','hydro',8320.1),(753,1,'2024-03-17 15:00:00','hydro',9114.44),(754,1,'2024-03-17 16:00:00','hydro',10073.7),(755,1,'2024-03-17 17:00:00','hydro',10211.2),(756,1,'2024-03-17 18:00:00','hydro',9352.43),(757,1,'2024-03-17 19:00:00','hydro',13062.7),(758,1,'2024-03-17 20:00:00','hydro',8600.5),(759,1,'2024-03-17 21:00:00','hydro',11794.5),(760,1,'2024-03-17 22:00:00','hydro',11303.4),(761,1,'2024-03-17 23:00:00','hydro',13085.4),(762,1,'2024-03-18 00:00:00','hydro',10108.3),(763,1,'2024-03-18 01:00:00','hydro',9903.06),(764,1,'2024-03-18 02:00:00','hydro',12021.9),(765,1,'2024-03-18 03:00:00','hydro',8393.8),(766,1,'2024-03-18 04:00:00','hydro',9969.17),(767,1,'2024-03-18 05:00:00','hydro',10808.1),(768,1,'2024-03-18 06:00:00','hydro',12254.5),(769,1,'2024-03-18 07:00:00','hydro',9531.75),(770,1,'2024-03-18 08:00:00','hydro',11843.3),(771,1,'2024-03-18 09:00:00','hydro',11165.8),(772,1,'2024-03-18 10:00:00','hydro',9123.11),(773,1,'2024-03-18 11:00:00','hydro',8705.76),(774,1,'2024-03-18 12:00:00','hydro',10686.3),(775,1,'2024-03-18 13:00:00','hydro',13507.8),(776,1,'2024-03-18 14:00:00','hydro',8611.88),(777,1,'2024-03-18 15:00:00','hydro',8903.5),(778,1,'2024-03-18 16:00:00','hydro',9766.94),(779,1,'2024-03-18 17:00:00','hydro',8614.3),(780,1,'2024-03-18 18:00:00','hydro',8640.03),(781,1,'2024-03-18 19:00:00','hydro',10989.8),(782,1,'2024-03-18 20:00:00','hydro',10576.5),(783,1,'2024-03-18 21:00:00','hydro',10431.6),(784,1,'2024-03-18 22:00:00','hydro',11573.1),(785,1,'2024-03-18 23:00:00','hydro',13406.3),(786,1,'2024-03-19 00:00:00','hydro',8355.34),(787,1,'2024-03-19 01:00:00','hydro',11345.1),(788,1,'2024-03-19 02:00:00','hydro',12218.2),(789,1,'2024-03-19 03:00:00','hydro',8749.8),(790,1,'2024-03-19 04:00:00','hydro',13534.4),(791,1,'2024-03-19 05:00:00','hydro',11696.6),(792,1,'2024-03-19 06:00:00','hydro',9941.41),(793,1,'2024-03-19 07:00:00','hydro',9112.26),(794,1,'2024-03-19 08:00:00','hydro',11852.7),(795,1,'2024-03-19 09:00:00','hydro',8096.96),(796,1,'2024-03-19 10:00:00','hydro',10616),(797,1,'2024-03-19 11:00:00','hydro',9962.55),(798,1,'2024-03-19 12:00:00','hydro',8396.87),(799,1,'2024-03-19 13:00:00','hydro',8108.1),(800,1,'2024-03-19 14:00:00','hydro',11918.5),(801,1,'2024-03-19 15:00:00','hydro',8829.31),(802,1,'2024-03-19 16:00:00','hydro',10176.9),(803,1,'2024-03-19 17:00:00','hydro',9911.41),(804,1,'2024-03-19 18:00:00','hydro',9847.52),(805,1,'2024-03-19 19:00:00','hydro',13264.6),(806,1,'2024-03-19 20:00:00','hydro',12675.3),(807,1,'2024-03-19 21:00:00','hydro',11731.2),(808,1,'2024-03-19 22:00:00','hydro',9159.63),(809,1,'2024-03-19 23:00:00','hydro',9538.96),(810,1,'2024-03-20 00:00:00','hydro',13619.4),(811,1,'2024-03-20 01:00:00','hydro',13131.5),(812,1,'2024-03-20 02:00:00','hydro',11423.9),(813,1,'2024-03-20 03:00:00','hydro',13020),(814,1,'2024-03-20 04:00:00','hydro',10750.4),(815,1,'2024-03-20 05:00:00','hydro',8358.47),(816,1,'2024-03-20 06:00:00','hydro',8405.68),(817,1,'2024-03-20 07:00:00','hydro',13435.4),(818,1,'2024-03-20 08:00:00','hydro',11817),(819,1,'2024-03-20 09:00:00','hydro',9168.37),(820,1,'2024-03-20 10:00:00','hydro',9218.23),(821,1,'2024-03-20 11:00:00','hydro',9814.55),(822,1,'2024-03-20 12:00:00','hydro',10177),(823,1,'2024-03-20 13:00:00','hydro',10349),(824,1,'2024-03-20 14:00:00','hydro',9351.08),(825,1,'2024-03-20 15:00:00','hydro',9278.71),(826,1,'2024-03-20 16:00:00','hydro',13787.8),(827,1,'2024-03-20 17:00:00','hydro',9309.9),(828,1,'2024-03-20 18:00:00','hydro',9117.69),(829,1,'2024-03-20 19:00:00','hydro',12943.1),(830,1,'2024-03-20 20:00:00','hydro',13154),(831,1,'2024-03-20 21:00:00','hydro',8001.04),(832,1,'2024-03-20 22:00:00','hydro',9117.13),(833,1,'2024-03-20 23:00:00','hydro',8857.9),(834,1,'2024-03-21 00:00:00','hydro',10932.5),(835,1,'2024-03-21 01:00:00','hydro',8239.75),(836,1,'2024-03-21 02:00:00','hydro',8520.39),(837,1,'2024-03-21 03:00:00','hydro',12072),(838,1,'2024-03-21 04:00:00','hydro',11942.5),(839,1,'2024-03-21 05:00:00','hydro',8926.86),(840,1,'2024-03-21 06:00:00','hydro',11648.1),(841,1,'2024-03-21 07:00:00','hydro',10636.7),(842,4,'2024-03-14 08:00:00','hydro',8542.28),(843,4,'2024-03-14 09:00:00','hydro',6613.28),(844,4,'2024-03-14 10:00:00','hydro',7934.93),(845,4,'2024-03-14 11:00:00','hydro',6997.82),(846,4,'2024-03-14 12:00:00','hydro',8977.89),(847,4,'2024-03-14 13:00:00','hydro',7311.15),(848,4,'2024-03-14 14:00:00','hydro',8185.5),(849,4,'2024-03-14 15:00:00','hydro',5021.74),(850,4,'2024-03-14 16:00:00','hydro',7293.3),(851,4,'2024-03-14 17:00:00','hydro',6549.77),(852,4,'2024-03-14 18:00:00','hydro',8992.3),(853,4,'2024-03-14 19:00:00','hydro',7039.43),(854,4,'2024-03-14 20:00:00','hydro',6925.52),(855,4,'2024-03-14 21:00:00','hydro',7224.86),(856,4,'2024-03-14 22:00:00','hydro',6015.7),(857,4,'2024-03-14 23:00:00','hydro',8711.41),(858,4,'2024-03-15 00:00:00','hydro',7169.32),(859,4,'2024-03-15 01:00:00','hydro',5221.36),(860,4,'2024-03-15 02:00:00','hydro',6008.49),(861,4,'2024-03-15 03:00:00','hydro',8043.11),(862,4,'2024-03-15 04:00:00','hydro',8736.63),(863,4,'2024-03-15 05:00:00','hydro',8158.5),(864,4,'2024-03-15 06:00:00','hydro',5178.23),(865,4,'2024-03-15 07:00:00','hydro',6413.16),(866,4,'2024-03-15 08:00:00','hydro',8588.32),(867,4,'2024-03-15 09:00:00','hydro',8729.48),(868,4,'2024-03-15 10:00:00','hydro',6778.56),(869,4,'2024-03-15 11:00:00','hydro',8418.36),(870,4,'2024-03-15 12:00:00','hydro',7597.02),(871,4,'2024-03-15 13:00:00','hydro',6319.62),(872,4,'2024-03-15 14:00:00','hydro',7236.09),(873,4,'2024-03-15 15:00:00','hydro',6205.94),(874,4,'2024-03-15 16:00:00','hydro',6905.81),(875,4,'2024-03-15 17:00:00','hydro',7254.59),(876,4,'2024-03-15 18:00:00','hydro',7339.26),(877,4,'2024-03-15 19:00:00','hydro',5540.53),(878,4,'2024-03-15 20:00:00','hydro',7772.58),(879,4,'2024-03-15 21:00:00','hydro',6391.4),(880,4,'2024-03-15 22:00:00','hydro',5620.89),(881,4,'2024-03-15 23:00:00','hydro',8243.27),(882,4,'2024-03-16 00:00:00','hydro',5959.86),(883,4,'2024-03-16 01:00:00','hydro',5631.43),(884,4,'2024-03-16 02:00:00','hydro',7676.72),(885,4,'2024-03-16 03:00:00','hydro',7973.87),(886,4,'2024-03-16 04:00:00','hydro',6778.28),(887,4,'2024-03-16 05:00:00','hydro',8636.2),(888,4,'2024-03-16 06:00:00','hydro',8672.25),(889,4,'2024-03-16 07:00:00','hydro',5270.7),(890,4,'2024-03-16 08:00:00','hydro',8756.59),(891,4,'2024-03-16 09:00:00','hydro',7932.85),(892,4,'2024-03-16 10:00:00','hydro',7487.6),(893,4,'2024-03-16 11:00:00','hydro',7169.15),(894,4,'2024-03-16 12:00:00','hydro',8355.28),(895,4,'2024-03-16 13:00:00','hydro',6440.31),(896,4,'2024-03-16 14:00:00','hydro',5206.34),(897,4,'2024-03-16 15:00:00','hydro',8305.49),(898,4,'2024-03-16 16:00:00','hydro',5012.58),(899,4,'2024-03-16 17:00:00','hydro',5703.72),(900,4,'2024-03-16 18:00:00','hydro',5827.96),(901,4,'2024-03-16 19:00:00','hydro',7616.41),(902,4,'2024-03-16 20:00:00','hydro',7264.59),(903,4,'2024-03-16 21:00:00','hydro',5132.08),(904,4,'2024-03-16 22:00:00','hydro',6683),(905,4,'2024-03-16 23:00:00','hydro',8661.96),(906,4,'2024-03-17 00:00:00','hydro',7548.09),(907,4,'2024-03-17 01:00:00','hydro',6868.74),(908,4,'2024-03-17 02:00:00','hydro',5422.89),(909,4,'2024-03-17 03:00:00','hydro',7225.17),(910,4,'2024-03-17 04:00:00','hydro',6588),(911,4,'2024-03-17 05:00:00','hydro',6325.06),(912,4,'2024-03-17 06:00:00','hydro',8272.4),(913,4,'2024-03-17 07:00:00','hydro',5548.54),(914,4,'2024-03-17 08:00:00','hydro',7703.67),(915,4,'2024-03-17 09:00:00','hydro',6418),(916,4,'2024-03-17 10:00:00','hydro',5209.45),(917,4,'2024-03-17 11:00:00','hydro',8062.28),(918,4,'2024-03-17 12:00:00','hydro',5321.43),(919,4,'2024-03-17 13:00:00','hydro',5504.57),(920,4,'2024-03-17 14:00:00','hydro',7664.86),(921,4,'2024-03-17 15:00:00','hydro',6371.73),(922,4,'2024-03-17 16:00:00','hydro',7136.93),(923,4,'2024-03-17 17:00:00','hydro',6043.84),(924,4,'2024-03-17 18:00:00','hydro',8415.44),(925,4,'2024-03-17 19:00:00','hydro',8615.87),(926,4,'2024-03-17 20:00:00','hydro',7465.88),(927,4,'2024-03-17 21:00:00','hydro',8951.35),(928,4,'2024-03-17 22:00:00','hydro',7470.62),(929,4,'2024-03-17 23:00:00','hydro',6127.56),(930,4,'2024-03-18 00:00:00','hydro',6968.83),(931,4,'2024-03-18 01:00:00','hydro',6513.59),(932,4,'2024-03-18 02:00:00','hydro',5431.89),(933,4,'2024-03-18 03:00:00','hydro',5134.75),(934,4,'2024-03-18 04:00:00','hydro',7464.04),(935,4,'2024-03-18 05:00:00','hydro',8480.64),(936,4,'2024-03-18 06:00:00','hydro',6073.41),(937,4,'2024-03-18 07:00:00','hydro',5595.38),(938,4,'2024-03-18 08:00:00','hydro',5367.57),(939,4,'2024-03-18 09:00:00','hydro',7369.14),(940,4,'2024-03-18 10:00:00','hydro',8105.56),(941,4,'2024-03-18 11:00:00','hydro',5168.34),(942,4,'2024-03-18 12:00:00','hydro',6505.15),(943,4,'2024-03-18 13:00:00','hydro',6282.75),(944,4,'2024-03-18 14:00:00','hydro',5272.75),(945,4,'2024-03-18 15:00:00','hydro',7356.32),(946,4,'2024-03-18 16:00:00','hydro',5725.63),(947,4,'2024-03-18 17:00:00','hydro',6749.5),(948,4,'2024-03-18 18:00:00','hydro',8507.48),(949,4,'2024-03-18 19:00:00','hydro',8377.92),(950,4,'2024-03-18 20:00:00','hydro',6707.1),(951,4,'2024-03-18 21:00:00','hydro',7527.93),(952,4,'2024-03-18 22:00:00','hydro',7073.5),(953,4,'2024-03-18 23:00:00','hydro',6223.93),(954,4,'2024-03-19 00:00:00','hydro',8988.03),(955,4,'2024-03-19 01:00:00','hydro',6702.13),(956,4,'2024-03-19 02:00:00','hydro',6309.5),(957,4,'2024-03-19 03:00:00','hydro',8739.58),(958,4,'2024-03-19 04:00:00','hydro',7031.4),(959,4,'2024-03-19 05:00:00','hydro',8589.55),(960,4,'2024-03-19 06:00:00','hydro',7218.05),(961,4,'2024-03-19 07:00:00','hydro',7792.85),(962,4,'2024-03-19 08:00:00','hydro',5822.73),(963,4,'2024-03-19 09:00:00','hydro',6035.62),(964,4,'2024-03-19 10:00:00','hydro',6012.8),(965,4,'2024-03-19 11:00:00','hydro',6873.98),(966,4,'2024-03-19 12:00:00','hydro',6594.04),(967,4,'2024-03-19 13:00:00','hydro',5539.09),(968,4,'2024-03-19 14:00:00','hydro',6098.84),(969,4,'2024-03-19 15:00:00','hydro',6546.61),(970,4,'2024-03-19 16:00:00','hydro',8455.77),(971,4,'2024-03-19 17:00:00','hydro',5305.15),(972,4,'2024-03-19 18:00:00','hydro',5377.76),(973,4,'2024-03-19 19:00:00','hydro',8808.73),(974,4,'2024-03-19 20:00:00','hydro',7884.05),(975,4,'2024-03-19 21:00:00','hydro',6922.7),(976,4,'2024-03-19 22:00:00','hydro',7357.32),(977,4,'2024-03-19 23:00:00','hydro',8036.39),(978,4,'2024-03-20 00:00:00','hydro',6253.67),(979,4,'2024-03-20 01:00:00','hydro',8941.26),(980,4,'2024-03-20 02:00:00','hydro',8592.1),(981,4,'2024-03-20 03:00:00','hydro',5912.62),(982,4,'2024-03-20 04:00:00','hydro',7618.66),(983,4,'2024-03-20 05:00:00','hydro',6548.47),(984,4,'2024-03-20 06:00:00','hydro',6659.06),(985,4,'2024-03-20 07:00:00','hydro',6879.05),(986,4,'2024-03-20 08:00:00','hydro',6364.44),(987,4,'2024-03-20 09:00:00','hydro',5701.43),(988,4,'2024-03-20 10:00:00','hydro',7739.32),(989,4,'2024-03-20 11:00:00','hydro',7860.63),(990,4,'2024-03-20 12:00:00','hydro',5683.13),(991,4,'2024-03-20 13:00:00','hydro',7968.71),(992,4,'2024-03-20 14:00:00','hydro',6246.48),(993,4,'2024-03-20 15:00:00','hydro',7900.5),(994,4,'2024-03-20 16:00:00','hydro',8272.14),(995,4,'2024-03-20 17:00:00','hydro',8437.62),(996,4,'2024-03-20 18:00:00','hydro',6622.86),(997,4,'2024-03-20 19:00:00','hydro',7952.73),(998,4,'2024-03-20 20:00:00','hydro',7026.86),(999,4,'2024-03-20 21:00:00','hydro',8557.3),(1000,4,'2024-03-20 22:00:00','hydro',6741.91),(1001,4,'2024-03-20 23:00:00','hydro',6654.98),(1002,4,'2024-03-21 00:00:00','hydro',7170.37),(1003,4,'2024-03-21 01:00:00','hydro',7020.46),(1004,4,'2024-03-21 02:00:00','hydro',5154.51),(1005,4,'2024-03-21 03:00:00','hydro',6089.15),(1006,4,'2024-03-21 04:00:00','hydro',8153.22),(1007,4,'2024-03-21 05:00:00','hydro',7664.22),(1008,4,'2024-03-21 06:00:00','hydro',8047.43),(1009,4,'2024-03-21 07:00:00','hydro',6556.74);
/*!40000 ALTER TABLE `production` ENABLE KEYS */;
UNLOCK TABLES;

--
-- Table structure for table `users`
--

DROP TABLE IF EXISTS `users`;
/*!40101 SET @saved_cs_client     = @@character_set_client */;
/*!50503 SET character_set_client = utf8mb4 */;
CREATE TABLE `users` (
  `user_id` int NOT NULL AUTO_INCREMENT,
  `fullname` varchar(1000) NOT NULL,
  `username` varchar(1000) NOT NULL,
  `salt` varchar(1000) NOT NULL,
  `password_hash` varchar(1000) NOT NULL,
  PRIMARY KEY (`user_id`)
) ENGINE=InnoDB AUTO_INCREMENT=5 DEFAULT CHARSET=utf8mb4 COLLATE=utf8mb4_0900_ai_ci;
/*!40101 SET character_set_client = @saved_cs_client */;

--
-- Dumping data for table `users`
--

LOCK TABLES `users` WRITE;
/*!40000 ALTER TABLE `users` DISABLE KEYS */;
INSERT INTO `users` VALUES (1,'Ayush Bhardwaj','ayush@gmail.com','f4e8d3064da187ea1341a513a27249c5e9fdf24452911ca314ec2f4b71b63234','14de8fad6a18944540d2151f53d06e8cfe583f3f36e9847e9cfe6230eb2c91ac'),(4,'John Rogan','john@gmail.com','bbd03b34773d1697552da921155e76d89a4490308caa4a850391c8d28e989d7c','29f7c4e4993a2b4b66486592d62377f1e481dfae3f86f01aec2a2c1c98d937fc');
/*!40000 ALTER TABLE `users` ENABLE KEYS */;
UNLOCK TABLES;
/*!40103 SET TIME_ZONE=@OLD_TIME_ZONE */;

/*!40101 SET SQL_MODE=@OLD_SQL_MODE */;
/*!40014 SET FOREIGN_KEY_CHECKS=@OLD_FOREIGN_KEY_CHECKS */;
/*!40014 SET UNIQUE_CHECKS=@OLD_UNIQUE_CHECKS */;
/*!40101 SET CHARACTER_SET_CLIENT=@OLD_CHARACTER_SET_CLIENT */;
/*!40101 SET CHARACTER_SET_RESULTS=@OLD_CHARACTER_SET_RESULTS */;
/*!40101 SET COLLATION_CONNECTION=@OLD_COLLATION_CONNECTION */;
/*!40111 SET SQL_NOTES=@OLD_SQL_NOTES */;

-- Dump completed on 2024-03-22 18:05:23
